aug0_0.jpg,320,240,stop,44,166,87,205
aug0_1.jpg,320,240,stop,184,9,233,51
aug0_2.jpg,320,240,stop,49,88,75,113
aug0_3.jpg,320,240,stop,100,123,126,148
aug0_4.jpg,320,240,stop,33,13,60,39
aug0_5.jpg,320,240,stop,165,13,215,60
aug0_6.jpg,320,240,stop,107,0,135,28
aug0_7.jpg,320,240,stop,239,41,293,90
aug0_8.jpg,320,240,stop,122,24,176,76
aug0_9.jpg,320,240,stop,102,110,128,138
aug0_10.jpg,320,240,stop,236,133,270,165
aug0_11.jpg,320,240,stop,90,186,127,218
aug0_12.jpg,320,240,stop,153,85,188,115
aug0_13.jpg,320,240,stop,42,142,79,180
aug0_14.jpg,320,240,stop,101,133,147,175
aug0_15.jpg,320,240,stop,69,51,123,98
aug0_16.jpg,320,240,stop,208,9,267,62
aug0_17.jpg,320,240,stop,175,94,239,153
aug0_18.jpg,320,240,stop,166,47,195,74
aug0_19.jpg,320,240,stop,104,204,133,233
aug0_20.jpg,320,240,stop,62,13,101,48
aug0_21.jpg,320,240,stop,98,168,137,202
aug0_22.jpg,320,240,stop,146,136,177,168
aug0_23.jpg,320,240,stop,187,101,228,136
aug0_24.jpg,320,240,stop,263,104,310,148
aug0_25.jpg,320,240,stop,256,119,306,164
aug0_26.jpg,320,240,stop,1,151,56,200
aug0_27.jpg,320,240,stop,174,156,228,211
aug0_28.jpg,320,240,stop,48,203,83,236
aug0_29.jpg,320,240,stop,219,133,257,166
aug0_30.jpg,320,240,stop,182,129,216,158
aug0_31.jpg,320,240,stop,195,47,222,74
aug0_32.jpg,320,240,stop,145,9,183,45
aug0_33.jpg,320,240,stop,118,2,149,30
aug0_34.jpg,320,240,stop,16,76,64,118
aug0_35.jpg,320,240,stop,100,47,150,90
aug0_36.jpg,320,240,stop,72,150,134,203
aug0_37.jpg,320,240,stop,34,101,80,142
aug0_38.jpg,320,240,stop,24,59,91,121
aug0_39.jpg,320,240,stop,75,165,99,189
aug0_40.jpg,320,240,stop,180,24,230,70
aug0_41.jpg,320,240,stop,140,125,167,150
aug0_42.jpg,320,240,stop,220,135,275,181
aug0_43.jpg,320,240,stop,50,47,80,75
aug0_44.jpg,320,240,stop,86,44,127,79
aug0_45.jpg,320,240,stop,23,101,60,133
aug0_46.jpg,320,240,stop,275,106,306,134
aug0_47.jpg,320,240,stop,176,79,222,119
aug0_48.jpg,320,240,stop,198,1,245,43
aug0_49.jpg,320,240,stop,216,132,266,179
aug0_50.jpg,320,240,stop,148,79,208,132
aug0_51.jpg,320,240,stop,254,58,307,116
aug0_52.jpg,320,240,stop,71,142,105,174
aug0_53.jpg,320,240,stop,138,166,175,199
aug0_54.jpg,320,240,stop,102,55,141,92
aug0_55.jpg,320,240,stop,146,62,171,88
aug0_56.jpg,320,240,stop,96,143,123,170
aug0_57.jpg,320,240,stop,276,170,319,210
aug0_58.jpg,320,240,stop,50,178,82,205
aug0_59.jpg,320,240,stop,135,187,167,214
aug0_60.jpg,320,240,stop,106,22,139,55
aug0_61.jpg,320,240,stop,40,117,75,148
aug0_62.jpg,320,240,stop,238,197,274,230
aug0_63.jpg,320,240,stop,280,9,316,37
aug0_64.jpg,320,240,stop,148,14,182,47
aug0_65.jpg,320,240,stop,234,201,275,239
aug0_66.jpg,320,240,stop,159,33,208,75
aug0_67.jpg,320,240,stop,240,19,293,64
aug0_68.jpg,320,240,stop,124,25,171,69
aug0_69.jpg,320,240,stop,133,187,194,239
aug0_70.jpg,320,240,stop,74,52,136,109
aug0_71.jpg,320,240,stop,85,58,124,92
aug0_72.jpg,320,240,stop,208,202,248,237
aug0_73.jpg,320,240,stop,193,7,235,44
aug0_74.jpg,320,240,stop,44,106,92,148
aug0_75.jpg,320,240,stop,252,45,304,91
aug0_76.jpg,320,240,stop,235,101,285,150
aug0_77.jpg,320,240,stop,149,168,212,225
aug0_78.jpg,320,240,stop,102,38,138,71
aug0_79.jpg,320,240,stop,266,167,302,203
aug0_80.jpg,320,240,stop,39,60,78,97
aug0_81.jpg,320,240,stop,123,138,161,174
aug0_82.jpg,320,240,stop,246,169,281,204
aug0_83.jpg,320,240,stop,151,128,189,169
aug0_84.jpg,320,240,stop,203,85,246,128
aug0_85.jpg,320,240,stop,118,158,170,206
aug0_86.jpg,320,240,stop,208,187,260,236
aug0_87.jpg,320,240,stop,102,103,158,156
aug0_88.jpg,320,240,stop,207,163,271,223
aug0_89.jpg,320,240,stop,244,157,306,221
aug0_90.jpg,320,240,stop,102,14,130,41
aug0_91.jpg,320,240,stop,23,173,63,208
aug0_92.jpg,320,240,stop,61,186,100,223
aug0_93.jpg,320,240,stop,138,100,184,143
aug0_94.jpg,320,240,stop,27,18,77,64
aug0_95.jpg,320,240,stop,207,112,255,162
aug0_96.jpg,320,240,stop,121,140,180,198
aug0_97.jpg,320,240,stop,102,52,153,112
aug0_98.jpg,320,240,stop,30,165,77,204
aug0_99.jpg,320,240,stop,208,132,239,161
aug0_100.jpg,320,240,stop,156,30,183,57
aug0_101.jpg,320,240,stop,215,147,244,176
aug0_102.jpg,320,240,stop,265,184,297,213
aug0_103.jpg,320,240,stop,119,67,153,98
aug0_104.jpg,320,240,stop,220,45,256,77
aug0_105.jpg,320,240,stop,186,157,234,198
aug0_106.jpg,320,240,stop,106,116,158,160
aug0_107.jpg,320,240,stop,61,206,88,231
aug0_108.jpg,320,240,stop,106,23,133,48
aug0_109.jpg,320,240,stop,108,97,138,122
aug0_110.jpg,320,240,stop,58,202,88,228
aug0_111.jpg,320,240,stop,66,158,123,205
aug0_112.jpg,320,240,stop,50,127,76,154
aug0_113.jpg,320,240,stop,218,19,250,48
aug0_114.jpg,320,240,stop,92,106,125,135
aug0_115.jpg,320,240,stop,84,175,118,205
aug0_116.jpg,320,240,stop,50,174,89,208
aug0_117.jpg,320,240,stop,124,116,163,153
aug0_118.jpg,320,240,stop,159,3,200,40
aug0_119.jpg,320,240,stop,246,172,295,213
aug0_120.jpg,320,240,stop,233,185,284,231
aug0_121.jpg,320,240,stop,58,5,119,59
aug0_122.jpg,320,240,stop,201,39,265,95
aug0_123.jpg,320,240,stop,2,142,66,197
aug0_124.jpg,320,240,stop,262,47,294,78
aug0_125.jpg,320,240,stop,116,175,145,202
aug0_126.jpg,320,240,stop,19,28,45,52
aug0_127.jpg,320,240,stop,60,132,87,157
aug0_128.jpg,320,240,stop,82,78,110,103
aug0_129.jpg,320,240,stop,94,120,124,147
aug0_130.jpg,320,240,stop,284,37,314,65
aug0_131.jpg,320,240,stop,120,96,152,125
aug0_132.jpg,320,240,stop,274,147,309,178
aug0_133.jpg,320,240,stop,157,185,191,219
aug0_134.jpg,320,240,stop,68,49,96,77
aug0_135.jpg,320,240,stop,179,173,217,207
aug0_136.jpg,320,240,stop,89,201,129,239
aug0_137.jpg,320,240,stop,46,94,92,139
aug0_138.jpg,320,240,stop,106,29,157,77
aug0_139.jpg,320,240,stop,57,52,90,83
aug0_140.jpg,320,240,stop,212,90,252,126
aug0_141.jpg,320,240,stop,98,64,139,102
aug1_0.jpg,320,240,stop,240,44,283,83
aug1_1.jpg,320,240,stop,126,136,175,178
aug1_2.jpg,320,240,stop,206,83,232,108
aug1_3.jpg,320,240,stop,148,32,174,57
aug1_4.jpg,320,240,stop,13,177,40,203
aug1_5.jpg,320,240,stop,190,141,240,188
aug1_6.jpg,320,240,stop,254,191,282,219
aug1_7.jpg,320,240,stop,158,132,212,181
aug1_8.jpg,320,240,stop,29,18,83,70
aug1_9.jpg,320,240,stop,96,80,122,108
aug1_10.jpg,320,240,stop,111,199,145,231
aug1_11.jpg,320,240,stop,230,144,267,176
aug1_12.jpg,320,240,stop,95,128,130,158
aug1_13.jpg,320,240,stop,97,147,134,185
aug1_14.jpg,320,240,stop,237,115,283,157
aug1_15.jpg,320,240,stop,36,59,90,106
aug1_16.jpg,320,240,stop,122,110,181,163
aug1_17.jpg,320,240,stop,161,61,225,120
aug1_18.jpg,320,240,stop,234,100,263,127
aug1_19.jpg,320,240,stop,191,58,220,87
aug1_20.jpg,320,240,stop,185,32,224,67
aug1_21.jpg,320,240,stop,122,147,161,181
aug1_22.jpg,320,240,stop,281,83,312,115
aug1_23.jpg,320,240,stop,105,37,146,72
aug1_24.jpg,320,240,stop,209,138,256,182
aug1_25.jpg,320,240,stop,259,71,309,116
aug1_26.jpg,320,240,stop,91,29,146,78
aug1_27.jpg,320,240,stop,91,105,145,160
aug1_28.jpg,320,240,stop,141,23,176,56
aug1_29.jpg,320,240,stop,129,177,167,210
aug1_30.jpg,320,240,stop,160,113,194,142
aug1_31.jpg,320,240,stop,106,197,133,224
aug1_32.jpg,320,240,stop,147,30,185,66
aug1_33.jpg,320,240,stop,1,22,32,50
aug1_34.jpg,320,240,stop,108,50,156,92
aug1_35.jpg,320,240,stop,97,77,147,120
aug1_36.jpg,320,240,stop,31,87,93,140
aug1_37.jpg,320,240,stop,48,55,94,96
aug1_38.jpg,320,240,stop,152,59,219,121
aug1_39.jpg,320,240,stop,42,121,66,145
aug1_40.jpg,320,240,stop,99,33,149,79
aug1_41.jpg,320,240,stop,88,176,115,201
aug1_42.jpg,320,240,stop,12,156,67,202
aug1_43.jpg,320,240,stop,60,29,90,57
aug1_44.jpg,320,240,stop,132,111,173,146
aug1_45.jpg,320,240,stop,235,93,272,125
aug1_46.jpg,320,240,stop,154,207,185,235
aug1_47.jpg,320,240,stop,159,15,205,55
aug1_48.jpg,320,240,stop,78,10,125,52
aug1_49.jpg,320,240,stop,211,106,261,153
aug1_50.jpg,320,240,stop,94,36,154,89
aug1_51.jpg,320,240,stop,128,1,181,59
aug1_52.jpg,320,240,stop,29,152,63,184
aug1_53.jpg,320,240,stop,161,104,198,137
aug1_54.jpg,320,240,stop,74,102,113,139
aug1_55.jpg,320,240,stop,112,1,137,27
aug1_56.jpg,320,240,stop,96,39,123,66
aug1_57.jpg,320,240,stop,222,24,265,64
aug1_58.jpg,320,240,stop,213,48,245,75
aug1_59.jpg,320,240,stop,33,113,65,140
aug1_60.jpg,320,240,stop,13,38,46,71
aug1_61.jpg,320,240,stop,68,166,103,197
aug1_62.jpg,320,240,stop,111,44,147,77
aug1_63.jpg,320,240,stop,170,166,206,194
aug1_64.jpg,320,240,stop,111,124,145,157
aug1_65.jpg,320,240,stop,224,170,265,208
aug1_66.jpg,320,240,stop,226,95,275,137
aug1_67.jpg,320,240,stop,29,109,82,154
aug1_68.jpg,320,240,stop,170,0,217,44
aug1_69.jpg,320,240,stop,4,138,65,190
aug1_70.jpg,320,240,stop,76,96,138,153
aug1_71.jpg,320,240,stop,261,44,300,78
aug1_72.jpg,320,240,stop,127,131,167,166
aug1_73.jpg,320,240,stop,7,42,49,79
aug1_74.jpg,320,240,stop,100,118,148,160
aug1_75.jpg,320,240,stop,58,24,110,70
aug1_76.jpg,320,240,stop,213,181,263,230
aug1_77.jpg,320,240,stop,224,118,287,175
aug1_78.jpg,320,240,stop,115,96,151,129
aug1_79.jpg,320,240,stop,73,15,109,51
aug1_80.jpg,320,240,stop,26,81,65,118
aug1_81.jpg,320,240,stop,229,168,267,204
aug1_82.jpg,320,240,stop,82,26,117,61
aug1_83.jpg,320,240,stop,60,46,98,87
aug1_84.jpg,320,240,stop,240,182,283,225
aug1_85.jpg,320,240,stop,191,93,243,141
aug1_86.jpg,320,240,stop,219,93,271,142
aug1_87.jpg,320,240,stop,250,131,306,184
aug1_88.jpg,320,240,stop,63,87,127,147
aug1_89.jpg,320,240,stop,166,143,228,207
aug1_90.jpg,320,240,stop,216,149,244,176
aug1_91.jpg,320,240,stop,101,160,141,195
aug1_92.jpg,320,240,stop,124,37,163,74
aug1_93.jpg,320,240,stop,146,96,192,139
aug1_94.jpg,320,240,stop,211,142,261,188
aug1_95.jpg,320,240,stop,222,129,270,179
aug1_96.jpg,320,240,stop,158,164,217,222
aug1_97.jpg,320,240,stop,148,118,199,178
aug1_98.jpg,320,240,stop,185,9,232,48
aug1_99.jpg,320,240,stop,80,74,111,103
aug1_100.jpg,320,240,stop,211,159,238,186
aug1_101.jpg,320,240,stop,96,69,125,98
aug1_102.jpg,320,240,stop,282,178,314,207
aug1_103.jpg,320,240,stop,4,45,38,76
aug1_104.jpg,320,240,stop,56,23,92,55
aug1_105.jpg,320,240,stop,251,18,299,59
aug1_106.jpg,320,240,stop,117,78,169,122
aug1_107.jpg,320,240,stop,166,39,193,64
aug1_108.jpg,320,240,stop,237,99,264,124
aug1_109.jpg,320,240,stop,24,75,54,100
aug1_110.jpg,320,240,stop,128,143,158,169
aug1_111.jpg,320,240,stop,211,58,268,105
aug1_112.jpg,320,240,stop,53,107,79,134
aug1_113.jpg,320,240,stop,73,32,105,61
aug1_114.jpg,320,240,stop,18,160,51,189
aug1_115.jpg,320,240,stop,42,14,76,44
aug1_116.jpg,320,240,stop,224,6,263,40
aug1_117.jpg,320,240,stop,46,113,85,150
aug1_118.jpg,320,240,stop,235,135,276,172
aug1_119.jpg,320,240,stop,0,46,49,87
aug1_120.jpg,320,240,stop,257,79,308,125
aug1_121.jpg,320,240,stop,100,90,161,144
aug1_122.jpg,320,240,stop,85,37,149,93
aug1_123.jpg,320,240,stop,229,47,293,102
aug1_124.jpg,320,240,stop,136,6,168,37
aug1_125.jpg,320,240,stop,230,9,259,36
aug1_126.jpg,320,240,stop,25,45,51,69
aug1_127.jpg,320,240,stop,118,36,145,61
aug1_128.jpg,320,240,stop,266,176,294,201
aug1_129.jpg,320,240,stop,80,153,110,180
aug1_130.jpg,320,240,stop,108,63,138,91
aug1_131.jpg,320,240,stop,181,131,213,160
aug1_132.jpg,320,240,stop,282,136,317,167
aug1_133.jpg,320,240,stop,48,170,82,204
aug1_134.jpg,320,240,stop,5,29,33,57
aug1_135.jpg,320,240,stop,154,72,192,106
aug1_136.jpg,320,240,stop,67,70,107,108
aug1_137.jpg,320,240,stop,46,140,92,185
aug1_138.jpg,320,240,stop,119,36,170,84
aug1_139.jpg,320,240,stop,151,80,184,111
aug1_140.jpg,320,240,stop,173,120,213,156
aug1_141.jpg,320,240,stop,113,151,154,189
aug2_0.jpg,320,240,stop,27,81,70,120
aug2_1.jpg,320,240,stop,217,27,266,69
aug2_2.jpg,320,240,stop,173,128,199,153
aug2_3.jpg,320,240,stop,71,109,97,134
aug2_4.jpg,320,240,stop,99,149,126,175
aug2_5.jpg,320,240,stop,103,175,153,222
aug2_6.jpg,320,240,stop,133,173,161,201
aug2_7.jpg,320,240,stop,169,174,223,223
aug2_8.jpg,320,240,stop,44,102,98,154
aug2_9.jpg,320,240,stop,19,97,45,125
aug2_10.jpg,320,240,stop,160,81,194,113
aug2_11.jpg,320,240,stop,227,14,264,46
aug2_12.jpg,320,240,stop,217,114,252,144
aug2_13.jpg,320,240,stop,119,9,156,47
aug2_14.jpg,320,240,stop,240,168,286,210
aug2_15.jpg,320,240,stop,228,38,282,85
aug2_16.jpg,320,240,stop,188,85,247,138
aug2_17.jpg,320,240,stop,222,11,286,70
aug2_18.jpg,320,240,stop,18,86,47,113
aug2_19.jpg,320,240,stop,16,100,45,129
aug2_20.jpg,320,240,stop,54,48,93,83
aug2_21.jpg,320,240,stop,160,190,199,224
aug2_22.jpg,320,240,stop,55,85,86,117
aug2_23.jpg,320,240,stop,219,201,260,236
aug2_24.jpg,320,240,stop,270,14,317,58
aug2_25.jpg,320,240,stop,17,157,67,202
aug2_26.jpg,320,240,stop,15,28,70,77
aug2_27.jpg,320,240,stop,232,126,286,181
aug2_28.jpg,320,240,stop,252,67,287,100
aug2_29.jpg,320,240,stop,24,194,62,227
aug2_30.jpg,320,240,stop,34,160,68,189
aug2_31.jpg,320,240,stop,12,96,39,123
aug2_32.jpg,320,240,stop,125,99,163,135
aug2_33.jpg,320,240,stop,18,210,49,238
aug2_34.jpg,320,240,stop,259,45,307,87
aug2_35.jpg,320,240,stop,174,18,224,61
aug2_36.jpg,320,240,stop,203,5,265,58
aug2_37.jpg,320,240,stop,98,125,144,166
aug2_38.jpg,320,240,stop,63,142,130,204
aug2_39.jpg,320,240,stop,21,182,45,206
aug2_40.jpg,320,240,stop,51,181,101,227
aug2_41.jpg,320,240,stop,141,55,168,80
aug2_42.jpg,320,240,stop,214,52,269,98
aug2_43.jpg,320,240,stop,23,85,53,113
aug2_44.jpg,320,240,stop,150,14,191,49
aug2_45.jpg,320,240,stop,225,171,262,203
aug2_46.jpg,320,240,stop,50,167,81,195
aug2_47.jpg,320,240,stop,98,2,144,42
aug2_48.jpg,320,240,stop,54,188,101,230
aug2_49.jpg,320,240,stop,13,171,63,218
aug2_50.jpg,320,240,stop,99,172,159,225
aug2_51.jpg,320,240,stop,68,117,121,175
aug2_52.jpg,320,240,stop,238,61,272,93
aug2_53.jpg,320,240,stop,282,22,319,55
aug2_54.jpg,320,240,stop,267,164,306,201
aug2_55.jpg,320,240,stop,218,150,243,176
aug2_56.jpg,320,240,stop,77,102,104,129
aug2_57.jpg,320,240,stop,103,102,146,142
aug2_58.jpg,320,240,stop,223,157,255,184
aug2_59.jpg,320,240,stop,241,129,273,156
aug2_60.jpg,320,240,stop,68,143,101,176
aug2_61.jpg,320,240,stop,226,126,261,157
aug2_62.jpg,320,240,stop,174,10,210,43
aug2_63.jpg,320,240,stop,280,178,316,206
aug2_64.jpg,320,240,stop,106,122,140,155
aug2_65.jpg,320,240,stop,107,168,148,206
aug2_66.jpg,320,240,stop,177,52,226,94
aug2_67.jpg,320,240,stop,24,57,77,102
aug2_68.jpg,320,240,stop,166,77,213,121
aug2_69.jpg,320,240,stop,189,107,250,159
aug2_70.jpg,320,240,stop,43,69,105,126
aug2_71.jpg,320,240,stop,33,11,72,45
aug2_72.jpg,320,240,stop,27,139,67,174
aug2_73.jpg,320,240,stop,174,2,216,39
aug2_74.jpg,320,240,stop,153,142,201,184
aug2_75.jpg,320,240,stop,139,58,191,104
aug2_76.jpg,320,240,stop,72,168,122,217
aug2_77.jpg,320,240,stop,13,133,76,190
aug2_78.jpg,320,240,stop,28,76,64,109
aug2_79.jpg,320,240,stop,107,96,143,132
aug2_80.jpg,320,240,stop,134,42,173,79
aug2_81.jpg,320,240,stop,198,15,236,51
aug2_82.jpg,320,240,stop,265,97,300,132
aug2_83.jpg,320,240,stop,200,146,238,187
aug2_84.jpg,320,240,stop,242,5,285,48
aug2_85.jpg,320,240,stop,67,39,119,87
aug2_86.jpg,320,240,stop,128,138,180,187
aug2_87.jpg,320,240,stop,52,13,108,66
aug2_88.jpg,320,240,stop,91,44,155,104
aug2_89.jpg,320,240,stop,39,38,101,102
aug2_90.jpg,320,240,stop,124,165,152,192
aug2_91.jpg,320,240,stop,1,56,41,91
aug2_92.jpg,320,240,stop,46,185,85,222
aug2_93.jpg,320,240,stop,209,130,255,173
aug2_94.jpg,320,240,stop,117,143,167,189
aug2_95.jpg,320,240,stop,92,117,140,167
aug2_96.jpg,320,240,stop,95,9,154,67
aug2_97.jpg,320,240,stop,261,3,312,63
aug2_98.jpg,320,240,stop,36,185,83,224
aug2_99.jpg,320,240,stop,96,145,127,174
aug2_100.jpg,320,240,stop,244,174,271,201
aug2_101.jpg,320,240,stop,266,88,295,117
aug2_102.jpg,320,240,stop,117,167,149,196
aug2_103.jpg,320,240,stop,49,143,83,174
aug2_104.jpg,320,240,stop,190,109,226,141
aug2_105.jpg,320,240,stop,231,193,279,234
aug2_106.jpg,320,240,stop,182,5,234,49
aug2_107.jpg,320,240,stop,64,207,91,232
aug2_108.jpg,320,240,stop,6,50,33,75
aug2_109.jpg,320,240,stop,55,177,85,202
aug2_110.jpg,320,240,stop,267,0,297,26
aug2_111.jpg,320,240,stop,261,57,318,104
aug2_112.jpg,320,240,stop,145,172,171,199
aug2_113.jpg,320,240,stop,209,107,241,136
aug2_114.jpg,320,240,stop,102,165,135,194
aug2_115.jpg,320,240,stop,72,83,106,113
aug2_116.jpg,320,240,stop,74,117,113,151
aug2_117.jpg,320,240,stop,168,2,207,39
aug2_118.jpg,320,240,stop,23,62,64,99
aug2_119.jpg,320,240,stop,247,52,296,93
aug2_120.jpg,320,240,stop,106,77,157,123
aug2_121.jpg,320,240,stop,34,149,95,203
aug2_122.jpg,320,240,stop,195,32,259,88
aug2_123.jpg,320,240,stop,20,35,84,90
aug2_124.jpg,320,240,stop,75,170,107,201
aug2_125.jpg,320,240,stop,257,86,286,113
aug2_126.jpg,320,240,stop,143,18,169,42
aug2_127.jpg,320,240,stop,122,84,149,109
aug2_128.jpg,320,240,stop,128,151,156,176
aug2_129.jpg,320,240,stop,51,65,81,92
aug2_130.jpg,320,240,stop,281,165,311,193
aug2_131.jpg,320,240,stop,281,19,313,48
aug2_132.jpg,320,240,stop,242,92,277,123
aug2_133.jpg,320,240,stop,99,39,133,73
aug2_134.jpg,320,240,stop,160,88,188,116
aug2_135.jpg,320,240,stop,252,78,290,112
aug2_136.jpg,320,240,stop,17,158,57,196
aug2_137.jpg,320,240,stop,168,78,214,123
aug2_138.jpg,320,240,stop,152,11,203,59
aug2_139.jpg,320,240,stop,213,205,246,236
aug2_140.jpg,320,240,stop,240,151,280,187
aug2_141.jpg,320,240,stop,73,180,114,218
aug3_0.jpg,320,240,stop,244,178,287,217
aug3_1.jpg,320,240,stop,217,133,266,175
aug3_2.jpg,320,240,stop,194,146,220,171
aug3_3.jpg,320,240,stop,71,68,97,93
aug3_4.jpg,320,240,stop,90,84,117,110
aug3_5.jpg,320,240,stop,213,12,263,59
aug3_6.jpg,320,240,stop,274,36,302,64
aug3_7.jpg,320,240,stop,225,33,279,82
aug3_8.jpg,320,240,stop,166,173,220,225
aug3_9.jpg,320,240,stop,187,97,213,125
aug3_10.jpg,320,240,stop,218,9,252,41
aug3_11.jpg,320,240,stop,111,172,148,204
aug3_12.jpg,320,240,stop,110,102,145,132
aug3_13.jpg,320,240,stop,233,172,270,210
aug3_14.jpg,320,240,stop,247,30,293,72
aug3_15.jpg,320,240,stop,236,19,290,66
aug3_16.jpg,320,240,stop,236,178,295,231
aug3_17.jpg,320,240,stop,233,19,297,78
aug3_18.jpg,320,240,stop,278,111,307,138
aug3_19.jpg,320,240,stop,242,173,271,202
aug3_20.jpg,320,240,stop,14,6,53,41
aug3_21.jpg,320,240,stop,148,61,187,95
aug3_22.jpg,320,240,stop,41,13,72,45
aug3_23.jpg,320,240,stop,258,184,299,219
aug3_24.jpg,320,240,stop,58,144,105,188
aug3_25.jpg,320,240,stop,151,33,201,78
aug3_26.jpg,320,240,stop,220,5,275,54
aug3_27.jpg,320,240,stop,21,76,75,131
aug3_28.jpg,320,240,stop,258,206,293,239
aug3_29.jpg,320,240,stop,5,64,43,97
aug3_30.jpg,320,240,stop,263,4,297,33
aug3_31.jpg,320,240,stop,140,5,167,32
aug3_32.jpg,320,240,stop,262,182,300,218
aug3_33.jpg,320,240,stop,196,197,227,225
aug3_34.jpg,320,240,stop,170,84,218,126
aug3_35.jpg,320,240,stop,31,86,81,129
aug3_36.jpg,320,240,stop,130,109,192,162
aug3_37.jpg,320,240,stop,19,92,65,133
aug3_38.jpg,320,240,stop,50,131,117,193
aug3_39.jpg,320,240,stop,161,103,185,127
aug3_40.jpg,320,240,stop,208,154,258,200
aug3_41.jpg,320,240,stop,187,55,214,80
aug3_42.jpg,320,240,stop,146,86,201,132
aug3_43.jpg,320,240,stop,199,66,229,94
aug3_44.jpg,320,240,stop,91,46,132,81
aug3_45.jpg,320,240,stop,1,73,38,105
aug3_46.jpg,320,240,stop,251,5,282,33
aug3_47.jpg,320,240,stop,75,79,121,119
aug3_48.jpg,320,240,stop,49,19,96,61
aug3_49.jpg,320,240,stop,57,102,107,149
aug3_50.jpg,320,240,stop,114,167,174,220
aug3_51.jpg,320,240,stop,86,129,139,187
aug3_52.jpg,320,240,stop,157,128,191,160
aug3_53.jpg,320,240,stop,90,118,127,151
aug3_54.jpg,320,240,stop,177,10,216,47
aug3_55.jpg,320,240,stop,105,178,130,204
aug3_56.jpg,320,240,stop,231,167,258,194
aug3_57.jpg,320,240,stop,13,126,56,166
aug3_58.jpg,320,240,stop,157,117,189,144
aug3_59.jpg,320,240,stop,110,72,142,99
aug3_60.jpg,320,240,stop,279,16,312,49
aug3_61.jpg,320,240,stop,138,197,173,228
aug3_62.jpg,320,240,stop,208,10,244,43
aug3_63.jpg,320,240,stop,45,115,81,143
aug3_64.jpg,320,240,stop,100,54,134,87
aug3_65.jpg,320,240,stop,174,66,215,104
aug3_66.jpg,320,240,stop,63,86,112,128
aug3_67.jpg,320,240,stop,100,191,153,236
aug3_68.jpg,320,240,stop,142,110,189,154
aug3_69.jpg,320,240,stop,187,6,248,58
aug3_70.jpg,320,240,stop,45,25,107,82
aug3_71.jpg,320,240,stop,198,25,237,59
aug3_72.jpg,320,240,stop,165,161,205,196
aug3_73.jpg,320,240,stop,75,186,117,223
aug3_74.jpg,320,240,stop,136,141,184,183
aug3_75.jpg,320,240,stop,137,57,189,103
aug3_76.jpg,320,240,stop,186,88,236,137
aug3_77.jpg,320,240,stop,228,59,291,116
aug3_78.jpg,320,240,stop,131,6,167,39
aug3_79.jpg,320,240,stop,145,191,181,227
aug3_80.jpg,320,240,stop,241,109,280,146
aug3_81.jpg,320,240,stop,261,184,299,220
aug3_82.jpg,320,240,stop,263,42,298,77
aug3_83.jpg,320,240,stop,173,13,211,54
aug3_84.jpg,320,240,stop,20,41,63,84
aug3_85.jpg,320,240,stop,53,68,105,116
aug3_86.jpg,320,240,stop,67,95,119,144
aug3_87.jpg,320,240,stop,104,178,160,231
aug3_88.jpg,320,240,stop,75,136,139,196
aug3_89.jpg,320,240,stop,128,18,190,82
aug3_90.jpg,320,240,stop,223,89,251,116
aug3_91.jpg,320,240,stop,246,54,286,89
aug3_92.jpg,320,240,stop,59,108,98,145
aug3_93.jpg,320,240,stop,217,51,263,94
aug3_94.jpg,320,240,stop,93,28,143,74
aug3_95.jpg,320,240,stop,222,102,270,152
aug3_96.jpg,320,240,stop,156,18,215,76
aug3_97.jpg,320,240,stop,97,139,148,199
aug3_98.jpg,320,240,stop,268,79,315,118
aug3_99.jpg,320,240,stop,244,80,275,109
aug3_100.jpg,320,240,stop,28,212,55,239
aug3_101.jpg,320,240,stop,24,104,53,133
aug3_102.jpg,320,240,stop,202,94,234,123
aug3_103.jpg,320,240,stop,14,178,48,209
aug3_104.jpg,320,240,stop,183,55,219,87
aug3_105.jpg,320,240,stop,129,3,177,44
aug3_106.jpg,320,240,stop,0,86,52,130
aug3_107.jpg,320,240,stop,263,143,290,168
aug3_108.jpg,320,240,stop,238,210,265,235
aug3_109.jpg,320,240,stop,8,21,38,46
aug3_110.jpg,320,240,stop,260,200,290,226
aug3_111.jpg,320,240,stop,168,140,225,187
aug3_112.jpg,320,240,stop,285,140,311,167
aug3_113.jpg,320,240,stop,275,199,307,228
aug3_114.jpg,320,240,stop,120,86,153,115
aug3_115.jpg,320,240,stop,60,155,94,185
aug3_116.jpg,320,240,stop,199,92,238,126
aug3_117.jpg,320,240,stop,194,132,233,169
aug3_118.jpg,320,240,stop,276,108,317,145
aug3_119.jpg,320,240,stop,52,93,101,134
aug3_120.jpg,320,240,stop,42,163,93,209
aug3_121.jpg,320,240,stop,119,115,180,169
aug3_122.jpg,320,240,stop,204,110,268,166
aug3_123.jpg,320,240,stop,1,76,65,131
aug3_124.jpg,320,240,stop,154,70,186,101
aug3_125.jpg,320,240,stop,92,195,121,222
aug3_126.jpg,320,240,stop,53,193,79,217
aug3_127.jpg,320,240,stop,124,25,151,50
aug3_128.jpg,320,240,stop,233,143,261,168
aug3_129.jpg,320,240,stop,179,6,209,33
aug3_130.jpg,320,240,stop,201,104,231,132
aug3_131.jpg,320,240,stop,278,129,310,158
aug3_132.jpg,320,240,stop,69,49,104,80
aug3_133.jpg,320,240,stop,160,205,194,239
aug3_134.jpg,320,240,stop,85,101,113,129
aug3_135.jpg,320,240,stop,246,44,284,78
aug3_136.jpg,320,240,stop,210,2,250,40
aug3_137.jpg,320,240,stop,136,155,182,200
aug3_138.jpg,320,240,stop,79,172,130,220
aug3_139.jpg,320,240,stop,194,187,227,218
aug3_140.jpg,320,240,stop,241,29,281,65
aug3_141.jpg,320,240,stop,96,6,137,44
aug4_0.jpg,320,240,stop,179,177,222,216
aug4_1.jpg,320,240,stop,58,187,107,229
aug4_2.jpg,320,240,stop,212,49,238,74
aug4_3.jpg,320,240,stop,52,81,78,106
aug4_4.jpg,320,240,stop,192,32,219,58
aug4_5.jpg,320,240,stop,146,118,196,165
aug4_6.jpg,320,240,stop,112,8,140,36
aug4_7.jpg,320,240,stop,135,25,189,74
aug4_8.jpg,320,240,stop,197,140,251,192
aug4_9.jpg,320,240,stop,72,66,98,94
aug4_10.jpg,320,240,stop,102,156,136,188
aug4_11.jpg,320,240,stop,152,45,189,77
aug4_12.jpg,320,240,stop,90,176,125,206
aug4_13.jpg,320,240,stop,70,121,107,159
aug4_14.jpg,320,240,stop,115,155,161,197
aug4_15.jpg,320,240,stop,220,1,274,48
aug4_16.jpg,320,240,stop,69,139,128,192
aug4_17.jpg,320,240,stop,167,172,231,231
aug4_18.jpg,320,240,stop,121,209,150,236
aug4_19.jpg,320,240,stop,40,182,69,211
aug4_20.jpg,320,240,stop,112,123,151,158
aug4_21.jpg,320,240,stop,134,33,173,67
aug4_22.jpg,320,240,stop,148,165,179,197
aug4_23.jpg,320,240,stop,66,189,107,224
aug4_24.jpg,320,240,stop,5,29,52,73
aug4_25.jpg,320,240,stop,41,164,91,209
aug4_26.jpg,320,240,stop,116,67,171,116
aug4_27.jpg,320,240,stop,60,121,114,176
aug4_28.jpg,320,240,stop,83,15,118,48
aug4_29.jpg,320,240,stop,189,194,227,227
aug4_30.jpg,320,240,stop,284,193,318,222
aug4_31.jpg,320,240,stop,225,22,252,49
aug4_32.jpg,320,240,stop,30,137,68,173
aug4_33.jpg,320,240,stop,248,135,279,163
aug4_34.jpg,320,240,stop,61,137,109,179
aug4_35.jpg,320,240,stop,113,77,163,120
aug4_36.jpg,320,240,stop,209,137,271,190
aug4_37.jpg,320,240,stop,65,77,111,118
aug4_38.jpg,320,240,stop,195,135,262,197
aug4_39.jpg,320,240,stop,21,94,45,118
aug4_40.jpg,320,240,stop,235,51,285,97
aug4_41.jpg,320,240,stop,64,123,91,148
aug4_42.jpg,320,240,stop,207,5,262,51
aug4_43.jpg,320,240,stop,246,9,276,37
aug4_44.jpg,320,240,stop,183,28,224,63
aug4_45.jpg,320,240,stop,10,46,47,78
aug4_46.jpg,320,240,stop,78,45,109,73
aug4_47.jpg,320,240,stop,258,32,304,72
aug4_48.jpg,320,240,stop,40,148,87,190
aug4_49.jpg,320,240,stop,9,9,59,56
aug4_50.jpg,320,240,stop,77,48,137,101
aug4_51.jpg,320,240,stop,24,6,77,64
aug4_52.jpg,320,240,stop,142,20,176,52
aug4_53.jpg,320,240,stop,181,74,218,107
aug4_54.jpg,320,240,stop,151,118,190,155
aug4_55.jpg,320,240,stop,265,177,290,203
aug4_56.jpg,320,240,stop,183,74,210,101
aug4_57.jpg,320,240,stop,191,171,234,211
aug4_58.jpg,320,240,stop,42,63,74,90
aug4_59.jpg,320,240,stop,107,48,139,75
aug4_60.jpg,320,240,stop,112,70,145,103
aug4_61.jpg,320,240,stop,184,95,219,126
aug4_62.jpg,320,240,stop,170,107,206,140
aug4_63.jpg,320,240,stop,57,136,93,164
aug4_64.jpg,320,240,stop,192,63,226,96
aug4_65.jpg,320,240,stop,269,200,310,238
aug4_66.jpg,320,240,stop,44,18,93,60
aug4_67.jpg,320,240,stop,106,55,159,100
aug4_68.jpg,320,240,stop,113,175,160,219
aug4_69.jpg,320,240,stop,149,168,210,220
aug4_70.jpg,320,240,stop,134,68,196,125
aug4_71.jpg,320,240,stop,181,199,220,233
aug4_72.jpg,320,240,stop,144,109,184,144
aug4_73.jpg,320,240,stop,145,34,187,71
aug4_74.jpg,320,240,stop,15,74,63,116
aug4_75.jpg,320,240,stop,260,71,312,117
aug4_76.jpg,320,240,stop,123,110,173,159
aug4_77.jpg,320,240,stop,83,50,146,107
aug4_78.jpg,320,240,stop,108,57,144,90
aug4_79.jpg,320,240,stop,19,111,55,147
aug4_80.jpg,320,240,stop,84,187,123,224
aug4_81.jpg,320,240,stop,134,6,172,42
aug4_82.jpg,320,240,stop,68,11,103,46
aug4_83.jpg,320,240,stop,100,139,138,180
aug4_84.jpg,320,240,stop,88,175,131,218
aug4_85.jpg,320,240,stop,43,24,95,72
aug4_86.jpg,320,240,stop,24,144,76,193
aug4_87.jpg,320,240,stop,66,142,122,195
aug4_88.jpg,320,240,stop,148,94,212,154
aug4_89.jpg,320,240,stop,248,58,310,122
aug4_90.jpg,320,240,stop,275,37,303,64
aug4_91.jpg,320,240,stop,245,168,285,203
aug4_92.jpg,320,240,stop,61,24,100,61
aug4_93.jpg,320,240,stop,82,104,128,147
aug4_94.jpg,320,240,stop,45,70,95,116
aug4_95.jpg,320,240,stop,197,126,245,176
aug4_96.jpg,320,240,stop,166,4,225,62
aug4_97.jpg,320,240,stop,240,153,291,213
aug4_98.jpg,320,240,stop,28,80,75,119
aug4_99.jpg,320,240,stop,191,180,222,209
aug4_100.jpg,320,240,stop,118,54,145,81
aug4_101.jpg,320,240,stop,274,181,303,210
aug4_102.jpg,320,240,stop,29,201,61,230
aug4_103.jpg,320,240,stop,152,158,186,189
aug4_104.jpg,320,240,stop,66,45,102,77
aug4_105.jpg,320,240,stop,126,170,174,211
aug4_106.jpg,320,240,stop,258,167,310,211
aug4_107.jpg,320,240,stop,53,99,80,124
aug4_108.jpg,320,240,stop,44,68,71,93
aug4_109.jpg,320,240,stop,80,117,110,142
aug4_110.jpg,320,240,stop,87,87,117,113
aug4_111.jpg,320,240,stop,35,67,92,114
aug4_112.jpg,320,240,stop,235,198,261,225
aug4_113.jpg,320,240,stop,1,144,33,173
aug4_114.jpg,320,240,stop,37,53,70,82
aug4_115.jpg,320,240,stop,42,170,76,200
aug4_116.jpg,320,240,stop,84,77,123,111
aug4_117.jpg,320,240,stop,134,178,173,215
aug4_118.jpg,320,240,stop,255,127,296,164
aug4_119.jpg,320,240,stop,181,195,230,236
aug4_120.jpg,320,240,stop,0,113,51,159
aug4_121.jpg,320,240,stop,188,170,249,224
aug4_122.jpg,320,240,stop,195,10,259,66
aug4_123.jpg,320,240,stop,164,127,228,182
aug4_124.jpg,320,240,stop,270,45,302,76
aug4_125.jpg,320,240,stop,25,133,54,160
aug4_126.jpg,320,240,stop,160,152,186,176
aug4_127.jpg,320,240,stop,257,55,284,80
aug4_128.jpg,320,240,stop,244,88,272,113
aug4_129.jpg,320,240,stop,275,192,305,219
aug4_130.jpg,320,240,stop,194,23,224,51
aug4_131.jpg,320,240,stop,81,175,113,204
aug4_132.jpg,320,240,stop,80,5,115,36
aug4_133.jpg,320,240,stop,197,88,231,122
aug4_134.jpg,320,240,stop,170,141,198,169
aug4_135.jpg,320,240,stop,23,72,61,106
aug4_136.jpg,320,240,stop,207,139,247,177
aug4_137.jpg,320,240,stop,182,165,228,210
aug4_138.jpg,320,240,stop,4,26,55,74
aug4_139.jpg,320,240,stop,59,17,92,48
aug4_140.jpg,320,240,stop,30,168,70,204
aug4_141.jpg,320,240,stop,19,4,60,42
aug5_0.jpg,320,240,stop,254,141,297,180
aug5_1.jpg,320,240,stop,61,141,110,183
aug5_2.jpg,320,240,stop,151,37,177,62
aug5_3.jpg,320,240,stop,269,168,295,193
aug5_4.jpg,320,240,stop,141,174,168,200
aug5_5.jpg,320,240,stop,65,88,115,135
aug5_6.jpg,320,240,stop,201,78,229,106
aug5_7.jpg,320,240,stop,15,183,69,232
aug5_8.jpg,320,240,stop,74,104,128,156
aug5_9.jpg,320,240,stop,204,193,230,221
aug5_10.jpg,320,240,stop,259,207,293,239
aug5_11.jpg,320,240,stop,57,136,94,168
aug5_12.jpg,320,240,stop,101,46,136,76
aug5_13.jpg,320,240,stop,202,59,239,97
aug5_14.jpg,320,240,stop,144,93,190,135
aug5_15.jpg,320,240,stop,162,140,216,187
aug5_16.jpg,320,240,stop,65,62,124,115
aug5_17.jpg,320,240,stop,115,137,179,196
aug5_18.jpg,320,240,stop,28,195,57,222
aug5_19.jpg,320,240,stop,140,22,169,51
aug5_20.jpg,320,240,stop,107,107,146,142
aug5_21.jpg,320,240,stop,178,78,217,112
aug5_22.jpg,320,240,stop,156,54,187,86
aug5_23.jpg,320,240,stop,141,57,182,92
aug5_24.jpg,320,240,stop,169,110,216,154
aug5_25.jpg,320,240,stop,77,115,127,160
aug5_26.jpg,320,240,stop,169,17,224,66
aug5_27.jpg,320,240,stop,140,96,194,151
aug5_28.jpg,320,240,stop,188,102,223,135
aug5_29.jpg,320,240,stop,95,65,133,98
aug5_30.jpg,320,240,stop,188,144,222,173
aug5_31.jpg,320,240,stop,19,80,46,107
aug5_32.jpg,320,240,stop,96,108,134,144
aug5_33.jpg,320,240,stop,17,94,48,122
aug5_34.jpg,320,240,stop,107,121,155,163
aug5_35.jpg,320,240,stop,165,4,215,47
aug5_36.jpg,320,240,stop,223,151,285,204
aug5_37.jpg,320,240,stop,19,152,65,193
aug5_38.jpg,320,240,stop,233,128,300,190
aug5_39.jpg,320,240,stop,103,119,127,143
aug5_40.jpg,320,240,stop,13,144,63,190
aug5_41.jpg,320,240,stop,176,133,203,158
aug5_42.jpg,320,240,stop,117,137,172,183
aug5_43.jpg,320,240,stop,223,157,253,185
aug5_44.jpg,320,240,stop,122,67,163,102
aug5_45.jpg,320,240,stop,207,41,244,73
aug5_46.jpg,320,240,stop,216,46,247,74
aug5_47.jpg,320,240,stop,179,129,225,169
aug5_48.jpg,320,240,stop,0,148,47,190
aug5_49.jpg,320,240,stop,128,165,178,212
aug5_50.jpg,320,240,stop,16,75,76,128
aug5_51.jpg,320,240,stop,264,99,317,157
aug5_52.jpg,320,240,stop,223,97,257,129
aug5_53.jpg,320,240,stop,221,171,258,204
aug5_54.jpg,320,240,stop,68,82,107,119
aug5_55.jpg,320,240,stop,182,26,207,52
aug5_56.jpg,320,240,stop,201,67,228,94
aug5_57.jpg,320,240,stop,99,135,142,175
aug5_58.jpg,320,240,stop,243,48,275,75
aug5_59.jpg,320,240,stop,66,144,98,171
aug5_60.jpg,320,240,stop,167,34,200,67
aug5_61.jpg,320,240,stop,139,54,174,85
aug5_62.jpg,320,240,stop,237,172,273,205
aug5_63.jpg,320,240,stop,175,44,211,72
aug5_64.jpg,320,240,stop,209,21,243,54
aug5_65.jpg,320,240,stop,51,4,92,42
aug5_66.jpg,320,240,stop,262,84,311,126
aug5_67.jpg,320,240,stop,186,130,239,175
aug5_68.jpg,320,240,stop,19,128,66,172
aug5_69.jpg,320,240,stop,77,138,138,190
aug5_70.jpg,320,240,stop,166,27,228,84
aug5_71.jpg,320,240,stop,131,145,170,179
aug5_72.jpg,320,240,stop,87,107,127,142
aug5_73.jpg,320,240,stop,189,27,231,64
aug5_74.jpg,320,240,stop,263,139,311,181
aug5_75.jpg,320,240,stop,187,147,239,193
aug5_76.jpg,320,240,stop,130,46,180,95
aug5_77.jpg,320,240,stop,225,53,288,110
aug5_78.jpg,320,240,stop,79,81,115,114
aug5_79.jpg,320,240,stop,245,162,281,198
aug5_80.jpg,320,240,stop,78,176,117,213
aug5_81.jpg,320,240,stop,108,115,146,151
aug5_82.jpg,320,240,stop,160,178,195,213
aug5_83.jpg,320,240,stop,9,9,47,50
aug5_84.jpg,320,240,stop,268,18,311,61
aug5_85.jpg,320,240,stop,197,174,249,222
aug5_86.jpg,320,240,stop,141,121,193,170
aug5_87.jpg,320,240,stop,119,89,175,142
aug5_88.jpg,320,240,stop,176,128,240,188
aug5_89.jpg,320,240,stop,157,95,219,159
aug5_90.jpg,320,240,stop,23,80,51,107
aug5_91.jpg,320,240,stop,16,45,56,80
aug5_92.jpg,320,240,stop,166,136,205,173
aug5_93.jpg,320,240,stop,217,81,263,124
aug5_94.jpg,320,240,stop,29,110,79,156
aug5_95.jpg,320,240,stop,84,4,132,54
aug5_96.jpg,320,240,stop,13,84,72,142
aug5_97.jpg,320,240,stop,157,120,208,180
aug5_98.jpg,320,240,stop,63,135,110,174
aug5_99.jpg,320,240,stop,162,122,193,151
aug5_100.jpg,320,240,stop,280,108,307,135
aug5_101.jpg,320,240,stop,174,185,203,214
aug5_102.jpg,320,240,stop,153,123,185,152
aug5_103.jpg,320,240,stop,186,129,220,160
aug5_104.jpg,320,240,stop,64,160,100,192
aug5_105.jpg,320,240,stop,180,58,228,99
aug5_106.jpg,320,240,stop,80,127,132,171
aug5_107.jpg,320,240,stop,206,48,233,73
aug5_108.jpg,320,240,stop,91,34,118,59
aug5_109.jpg,320,240,stop,83,22,113,47
aug5_110.jpg,320,240,stop,34,154,64,180
aug5_111.jpg,320,240,stop,213,142,270,189
aug5_112.jpg,320,240,stop,50,212,76,239
aug5_113.jpg,320,240,stop,231,59,263,88
aug5_114.jpg,320,240,stop,190,205,223,234
aug5_115.jpg,320,240,stop,163,179,197,209
aug5_116.jpg,320,240,stop,279,1,318,35
aug5_117.jpg,320,240,stop,85,46,124,83
aug5_118.jpg,320,240,stop,186,22,227,59
aug5_119.jpg,320,240,stop,241,28,290,69
aug5_120.jpg,320,240,stop,139,101,190,147
aug5_121.jpg,320,240,stop,148,60,209,114
aug5_122.jpg,320,240,stop,123,21,187,77
aug5_123.jpg,320,240,stop,151,158,215,213
aug5_124.jpg,320,240,stop,79,17,111,48
aug5_125.jpg,320,240,stop,248,2,277,29
aug5_126.jpg,320,240,stop,288,53,314,77
aug5_127.jpg,320,240,stop,50,148,77,173
aug5_128.jpg,320,240,stop,119,209,147,234
aug5_129.jpg,320,240,stop,126,12,156,39
aug5_130.jpg,320,240,stop,183,103,213,131
aug5_131.jpg,320,240,stop,135,106,167,135
aug5_132.jpg,320,240,stop,170,111,205,142
aug5_133.jpg,320,240,stop,263,24,297,58
aug5_134.jpg,320,240,stop,217,7,245,35
aug5_135.jpg,320,240,stop,226,137,264,171
aug5_136.jpg,320,240,stop,144,68,184,106
aug5_137.jpg,320,240,stop,118,186,164,231
aug5_138.jpg,320,240,stop,178,26,229,74
aug5_139.jpg,320,240,stop,24,161,57,192
aug5_140.jpg,320,240,stop,16,195,56,231
aug5_141.jpg,320,240,stop,153,50,194,88
aug6_0.jpg,320,240,stop,62,84,105,123
aug6_1.jpg,320,240,stop,192,112,241,154
aug6_2.jpg,320,240,stop,285,99,311,124
aug6_3.jpg,320,240,stop,2,5,28,30
aug6_4.jpg,320,240,stop,191,213,218,239
aug6_5.jpg,320,240,stop,179,125,229,172
aug6_6.jpg,320,240,stop,101,85,129,113
aug6_7.jpg,320,240,stop,174,163,228,212
aug6_8.jpg,320,240,stop,179,128,233,180
aug6_9.jpg,320,240,stop,268,133,294,161
aug6_10.jpg,320,240,stop,28,68,62,100
aug6_11.jpg,320,240,stop,275,136,312,168
aug6_12.jpg,320,240,stop,69,82,104,112
aug6_13.jpg,320,240,stop,12,79,49,117
aug6_14.jpg,320,240,stop,210,102,256,144
aug6_15.jpg,320,240,stop,35,134,89,181
aug6_16.jpg,320,240,stop,20,4,79,57
aug6_17.jpg,320,240,stop,0,83,64,142
aug6_18.jpg,320,240,stop,54,208,83,235
aug6_19.jpg,320,240,stop,90,160,119,189
aug6_20.jpg,320,240,stop,86,136,125,171
aug6_21.jpg,320,240,stop,148,110,187,144
aug6_22.jpg,320,240,stop,158,11,189,43
aug6_23.jpg,320,240,stop,272,171,313,206
aug6_24.jpg,320,240,stop,62,156,109,200
aug6_25.jpg,320,240,stop,255,169,305,214
aug6_26.jpg,320,240,stop,97,67,152,116
aug6_27.jpg,320,240,stop,26,78,80,133
aug6_28.jpg,320,240,stop,183,114,218,147
aug6_29.jpg,320,240,stop,69,37,107,70
aug6_30.jpg,320,240,stop,220,180,254,209
aug6_31.jpg,320,240,stop,255,122,282,149
aug6_32.jpg,320,240,stop,127,137,165,173
aug6_33.jpg,320,240,stop,182,99,213,127
aug6_34.jpg,320,240,stop,65,112,113,154
aug6_35.jpg,320,240,stop,91,180,141,223
aug6_36.jpg,320,240,stop,124,158,186,211
aug6_37.jpg,320,240,stop,204,62,250,103
aug6_38.jpg,320,240,stop,186,59,253,121
aug6_39.jpg,320,240,stop,55,158,79,182
aug6_40.jpg,320,240,stop,129,70,179,116
aug6_41.jpg,320,240,stop,77,64,104,89
aug6_42.jpg,320,240,stop,221,95,276,141
aug6_43.jpg,320,240,stop,35,101,65,129
aug6_44.jpg,320,240,stop,197,10,238,45
aug6_45.jpg,320,240,stop,36,161,73,193
aug6_46.jpg,320,240,stop,110,60,141,88
aug6_47.jpg,320,240,stop,221,153,267,193
aug6_48.jpg,320,240,stop,21,142,68,184
aug6_49.jpg,320,240,stop,45,153,95,200
aug6_50.jpg,320,240,stop,177,44,237,97
aug6_51.jpg,320,240,stop,116,100,169,158
aug6_52.jpg,320,240,stop,146,97,180,129
aug6_53.jpg,320,240,stop,32,132,69,165
aug6_54.jpg,320,240,stop,30,58,69,95
aug6_55.jpg,320,240,stop,276,115,301,141
aug6_56.jpg,320,240,stop,113,183,140,210
aug6_57.jpg,320,240,stop,211,172,254,212
aug6_58.jpg,320,240,stop,174,74,206,101
aug6_59.jpg,320,240,stop,270,116,302,143
aug6_60.jpg,320,240,stop,40,96,73,129
aug6_61.jpg,320,240,stop,92,109,127,140
aug6_62.jpg,320,240,stop,115,139,151,172
aug6_63.jpg,320,240,stop,148,115,184,143
aug6_64.jpg,320,240,stop,75,5,109,38
aug6_65.jpg,320,240,stop,46,193,87,231
aug6_66.jpg,320,240,stop,103,55,152,97
aug6_67.jpg,320,240,stop,242,34,295,79
aug6_68.jpg,320,240,stop,164,151,211,195
aug6_69.jpg,320,240,stop,105,137,166,189
aug6_70.jpg,320,240,stop,44,119,106,176
aug6_71.jpg,320,240,stop,242,130,281,164
aug6_72.jpg,320,240,stop,101,182,141,217
aug6_73.jpg,320,240,stop,164,194,206,231
aug6_74.jpg,320,240,stop,116,46,164,88
aug6_75.jpg,320,240,stop,46,70,98,116
aug6_76.jpg,320,240,stop,197,77,247,126
aug6_77.jpg,320,240,stop,248,97,311,154
aug6_78.jpg,320,240,stop,21,159,57,192
aug6_79.jpg,320,240,stop,123,184,159,220
aug6_80.jpg,320,240,stop,165,28,204,65
aug6_81.jpg,320,240,stop,94,41,132,77
aug6_82.jpg,320,240,stop,279,203,314,238
aug6_83.jpg,320,240,stop,199,94,237,135
aug6_84.jpg,320,240,stop,15,95,58,138
aug6_85.jpg,320,240,stop,241,88,293,136
aug6_86.jpg,320,240,stop,148,170,200,219
aug6_87.jpg,320,240,stop,252,173,308,226
aug6_88.jpg,320,240,stop,84,42,148,102
aug6_89.jpg,320,240,stop,165,48,227,112
aug6_90.jpg,320,240,stop,79,158,107,185
aug6_91.jpg,320,240,stop,235,193,275,228
aug6_92.jpg,320,240,stop,48,88,87,125
aug6_93.jpg,320,240,stop,208,38,254,81
aug6_94.jpg,320,240,stop,53,88,103,134
aug6_95.jpg,320,240,stop,46,178,94,228
aug6_96.jpg,320,240,stop,71,147,130,205
aug6_97.jpg,320,240,stop,12,78,63,138
aug6_98.jpg,320,240,stop,243,21,290,60
aug6_99.jpg,320,240,stop,241,134,272,163
aug6_100.jpg,320,240,stop,77,30,104,57
aug6_101.jpg,320,240,stop,37,169,66,198
aug6_102.jpg,320,240,stop,11,57,43,86
aug6_103.jpg,320,240,stop,183,171,217,202
aug6_104.jpg,320,240,stop,26,106,62,138
aug6_105.jpg,320,240,stop,270,184,318,225
aug6_106.jpg,320,240,stop,115,66,167,110
aug6_107.jpg,320,240,stop,141,137,168,162
aug6_108.jpg,320,240,stop,95,29,122,54
aug6_109.jpg,320,240,stop,220,124,250,149
aug6_110.jpg,320,240,stop,104,86,134,112
aug6_111.jpg,320,240,stop,102,44,159,91
aug6_112.jpg,320,240,stop,117,11,143,38
aug6_113.jpg,320,240,stop,251,186,283,215
aug6_114.jpg,320,240,stop,135,76,168,105
aug6_115.jpg,320,240,stop,125,164,159,194
aug6_116.jpg,320,240,stop,157,55,196,89
aug6_117.jpg,320,240,stop,264,117,303,154
aug6_118.jpg,320,240,stop,38,169,79,206
aug6_119.jpg,320,240,stop,95,53,144,94
aug6_120.jpg,320,240,stop,124,174,175,220
aug6_121.jpg,320,240,stop,129,38,190,92
aug6_122.jpg,320,240,stop,77,15,141,71
aug6_123.jpg,320,240,stop,109,10,173,65
aug6_124.jpg,320,240,stop,248,2,280,33
aug6_125.jpg,320,240,stop,96,16,125,43
aug6_126.jpg,320,240,stop,136,193,162,217
aug6_127.jpg,320,240,stop,132,91,159,116
aug6_128.jpg,320,240,stop,189,8,217,33
aug6_129.jpg,320,240,stop,275,44,305,71
aug6_130.jpg,320,240,stop,54,23,84,51
aug6_131.jpg,320,240,stop,73,97,105,126
aug6_132.jpg,320,240,stop,10,132,45,163
aug6_133.jpg,320,240,stop,154,137,188,171
aug6_134.jpg,320,240,stop,123,199,151,227
aug6_135.jpg,320,240,stop,86,128,124,162
aug6_136.jpg,320,240,stop,121,41,161,79
aug6_137.jpg,320,240,stop,191,97,237,142
aug6_138.jpg,320,240,stop,19,67,70,115
aug6_139.jpg,320,240,stop,196,104,229,135
aug6_140.jpg,320,240,stop,246,197,286,233
aug6_141.jpg,320,240,stop,162,59,203,97
aug7_0.jpg,320,240,stop,196,68,239,107
aug7_1.jpg,320,240,stop,196,57,245,99
aug7_2.jpg,320,240,stop,74,151,100,176
aug7_3.jpg,320,240,stop,102,179,128,204
aug7_4.jpg,320,240,stop,139,115,166,141
aug7_5.jpg,320,240,stop,56,132,106,179
aug7_6.jpg,320,240,stop,197,157,225,185
aug7_7.jpg,320,240,stop,178,20,232,69
aug7_8.jpg,320,240,stop,218,54,272,106
aug7_9.jpg,320,240,stop,122,207,148,235
aug7_10.jpg,320,240,stop,246,153,280,185
aug7_11.jpg,320,240,stop,207,173,244,205
aug7_12.jpg,320,240,stop,135,100,170,130
aug7_13.jpg,320,240,stop,89,189,126,227
aug7_14.jpg,320,240,stop,237,167,283,209
aug7_15.jpg,320,240,stop,184,186,238,233
aug7_16.jpg,320,240,stop,51,28,110,81
aug7_17.jpg,320,240,stop,251,163,315,222
aug7_18.jpg,320,240,stop,134,196,163,223
aug7_19.jpg,320,240,stop,275,117,304,146
aug7_20.jpg,320,240,stop,38,194,77,229
aug7_21.jpg,320,240,stop,11,0,50,34
aug7_22.jpg,320,240,stop,97,197,128,229
aug7_23.jpg,320,240,stop,37,168,78,203
aug7_24.jpg,320,240,stop,260,64,307,108
aug7_25.jpg,320,240,stop,112,6,162,51
aug7_26.jpg,320,240,stop,127,161,182,210
aug7_27.jpg,320,240,stop,204,181,258,236
aug7_28.jpg,320,240,stop,79,194,114,227
aug7_29.jpg,320,240,stop,233,179,271,212
aug7_30.jpg,320,240,stop,110,198,144,227
aug7_31.jpg,320,240,stop,164,163,191,190
aug7_32.jpg,320,240,stop,125,144,163,180
aug7_33.jpg,320,240,stop,188,32,219,60
aug7_34.jpg,320,240,stop,113,119,161,161
aug7_35.jpg,320,240,stop,119,91,169,134
aug7_36.jpg,320,240,stop,91,59,153,112
aug7_37.jpg,320,240,stop,81,104,127,145
aug7_38.jpg,320,240,stop,154,159,221,221
aug7_39.jpg,320,240,stop,3,70,27,94
aug7_40.jpg,320,240,stop,177,151,227,197
aug7_41.jpg,320,240,stop,9,139,36,164
aug7_42.jpg,320,240,stop,174,188,229,234
aug7_43.jpg,320,240,stop,122,209,152,237
aug7_44.jpg,320,240,stop,181,117,222,152
aug7_45.jpg,320,240,stop,33,33,70,65
aug7_46.jpg,320,240,stop,24,145,55,173
aug7_47.jpg,320,240,stop,101,188,147,228
aug7_48.jpg,320,240,stop,12,163,59,205
aug7_49.jpg,320,240,stop,234,169,284,216
aug7_50.jpg,320,240,stop,78,175,138,228
aug7_51.jpg,320,240,stop,263,158,316,216
aug7_52.jpg,320,240,stop,213,184,247,216
aug7_53.jpg,320,240,stop,49,77,86,110
aug7_54.jpg,320,240,stop,113,152,152,189
aug7_55.jpg,320,240,stop,198,48,223,74
aug7_56.jpg,320,240,stop,275,155,302,182
aug7_57.jpg,320,240,stop,120,139,163,179
aug7_58.jpg,320,240,stop,190,41,222,68
aug7_59.jpg,320,240,stop,8,202,40,229
aug7_60.jpg,320,240,stop,245,78,278,111
aug7_61.jpg,320,240,stop,283,157,318,188
aug7_62.jpg,320,240,stop,257,163,293,196
aug7_63.jpg,320,240,stop,271,84,307,112
aug7_64.jpg,320,240,stop,110,28,144,61
aug7_65.jpg,320,240,stop,201,20,242,58
aug7_66.jpg,320,240,stop,155,139,204,181
aug7_67.jpg,320,240,stop,91,58,144,103
aug7_68.jpg,320,240,stop,42,151,89,195
aug7_69.jpg,320,240,stop,256,52,317,104
aug7_70.jpg,320,240,stop,75,74,137,131
aug7_71.jpg,320,240,stop,245,66,284,100
aug7_72.jpg,320,240,stop,228,93,268,128
aug7_73.jpg,320,240,stop,250,157,292,194
aug7_74.jpg,320,240,stop,82,17,130,59
aug7_75.jpg,320,240,stop,122,168,174,214
aug7_76.jpg,320,240,stop,72,13,122,62
aug7_77.jpg,320,240,stop,13,50,76,107
aug7_78.jpg,320,240,stop,244,58,280,91
aug7_79.jpg,320,240,stop,220,7,256,43
aug7_80.jpg,320,240,stop,165,104,204,141
aug7_81.jpg,320,240,stop,205,43,243,79
aug7_82.jpg,320,240,stop,66,200,101,235
aug7_83.jpg,320,240,stop,159,172,197,213
aug7_84.jpg,320,240,stop,202,51,245,94
aug7_85.jpg,320,240,stop,24,139,76,187
aug7_86.jpg,320,240,stop,263,143,315,192
aug7_87.jpg,320,240,stop,52,118,108,171
aug7_88.jpg,320,240,stop,64,146,128,206
aug7_89.jpg,320,240,stop,44,170,106,234
aug7_90.jpg,320,240,stop,131,211,159,238
aug7_91.jpg,320,240,stop,30,54,70,89
aug7_92.jpg,320,240,stop,117,55,156,92
aug7_93.jpg,320,240,stop,47,83,93,126
aug7_94.jpg,320,240,stop,205,52,255,98
aug7_95.jpg,320,240,stop,220,40,268,90
aug7_96.jpg,320,240,stop,247,140,306,198
aug7_97.jpg,320,240,stop,217,44,268,104
aug7_98.jpg,320,240,stop,118,44,165,83
aug7_99.jpg,320,240,stop,88,121,119,150
aug7_100.jpg,320,240,stop,53,181,80,208
aug7_101.jpg,320,240,stop,42,112,71,141
aug7_102.jpg,320,240,stop,198,37,230,66
aug7_103.jpg,320,240,stop,146,3,180,34
aug7_104.jpg,320,240,stop,178,64,214,96
aug7_105.jpg,320,240,stop,162,135,210,176
aug7_106.jpg,320,240,stop,165,32,217,76
aug7_107.jpg,320,240,stop,27,193,54,218
aug7_108.jpg,320,240,stop,252,171,279,196
aug7_109.jpg,320,240,stop,241,168,271,193
aug7_110.jpg,320,240,stop,263,44,293,70
aug7_111.jpg,320,240,stop,137,21,194,68
aug7_112.jpg,320,240,stop,89,80,115,107
aug7_113.jpg,320,240,stop,77,131,109,160
aug7_114.jpg,320,240,stop,44,137,77,166
aug7_115.jpg,320,240,stop,61,92,95,122
aug7_116.jpg,320,240,stop,105,141,144,175
aug7_117.jpg,320,240,stop,115,189,154,226
aug7_118.jpg,320,240,stop,89,124,130,161
aug7_119.jpg,320,240,stop,208,79,257,120
aug7_120.jpg,320,240,stop,255,122,306,168
aug7_121.jpg,320,240,stop,238,153,299,207
aug7_122.jpg,320,240,stop,156,127,220,183
aug7_123.jpg,320,240,stop,246,75,310,130
aug7_124.jpg,320,240,stop,24,74,56,105
aug7_125.jpg,320,240,stop,143,52,172,79
aug7_126.jpg,320,240,stop,120,177,146,201
aug7_127.jpg,320,240,stop,126,32,153,57
aug7_128.jpg,320,240,stop,257,158,285,183
aug7_129.jpg,320,240,stop,38,207,68,234
aug7_130.jpg,320,240,stop,50,24,80,52
aug7_131.jpg,320,240,stop,124,167,156,196
aug7_132.jpg,320,240,stop,268,53,303,84
aug7_133.jpg,320,240,stop,285,189,319,223
aug7_134.jpg,320,240,stop,123,194,151,222
aug7_135.jpg,320,240,stop,79,178,117,212
aug7_136.jpg,320,240,stop,258,33,298,71
aug7_137.jpg,320,240,stop,115,173,161,218
aug7_138.jpg,320,240,stop,179,123,230,171
aug7_139.jpg,320,240,stop,159,48,192,79
aug7_140.jpg,320,240,stop,257,3,297,39
aug7_141.jpg,320,240,stop,11,73,52,111
aug8_0.jpg,320,240,stop,268,138,311,177
aug8_1.jpg,320,240,stop,42,164,91,206
aug8_2.jpg,320,240,stop,2,200,28,225
aug8_3.jpg,320,240,stop,18,63,44,88
aug8_4.jpg,320,240,stop,209,163,236,189
aug8_5.jpg,320,240,stop,55,152,105,199
aug8_6.jpg,320,240,stop,20,56,48,84
aug8_7.jpg,320,240,stop,88,139,142,188
aug8_8.jpg,320,240,stop,242,101,296,153
aug8_9.jpg,320,240,stop,135,111,161,139
aug8_10.jpg,320,240,stop,266,19,300,51
aug8_11.jpg,320,240,stop,51,156,88,188
aug8_12.jpg,320,240,stop,250,130,285,160
aug8_13.jpg,320,240,stop,113,21,150,59
aug8_14.jpg,320,240,stop,31,41,77,83
aug8_15.jpg,320,240,stop,181,17,235,64
aug8_16.jpg,320,240,stop,173,151,232,204
aug8_17.jpg,320,240,stop,240,43,304,102
aug8_18.jpg,320,240,stop,55,102,84,129
aug8_19.jpg,320,240,stop,2,42,31,71
aug8_20.jpg,320,240,stop,260,13,299,48
aug8_21.jpg,320,240,stop,269,18,308,52
aug8_22.jpg,320,240,stop,196,105,227,137
aug8_23.jpg,320,240,stop,100,88,141,123
aug8_24.jpg,320,240,stop,245,175,292,219
aug8_25.jpg,320,240,stop,174,102,224,147
aug8_26.jpg,320,240,stop,162,23,217,72
aug8_27.jpg,320,240,stop,185,124,239,179
aug8_28.jpg,320,240,stop,179,30,214,63
aug8_29.jpg,320,240,stop,84,141,122,174
aug8_30.jpg,320,240,stop,116,33,150,62
aug8_31.jpg,320,240,stop,120,156,147,183
aug8_32.jpg,320,240,stop,226,172,264,208
aug8_33.jpg,320,240,stop,202,153,233,181
aug8_34.jpg,320,240,stop,179,20,227,62
aug8_35.jpg,320,240,stop,255,164,305,207
aug8_36.jpg,320,240,stop,81,3,143,56
aug8_37.jpg,320,240,stop,162,102,208,143
aug8_38.jpg,320,240,stop,22,4,89,66
aug8_39.jpg,320,240,stop,105,34,129,58
aug8_40.jpg,320,240,stop,186,37,236,83
aug8_41.jpg,320,240,stop,213,20,240,45
aug8_42.jpg,320,240,stop,80,78,135,124
aug8_43.jpg,320,240,stop,181,114,211,142
aug8_44.jpg,320,240,stop,189,73,230,108
aug8_45.jpg,320,240,stop,146,39,183,71
aug8_46.jpg,320,240,stop,183,29,214,57
aug8_47.jpg,320,240,stop,224,77,270,117
aug8_48.jpg,320,240,stop,128,129,175,171
aug8_49.jpg,320,240,stop,218,160,268,207
aug8_50.jpg,320,240,stop,255,149,315,202
aug8_51.jpg,320,240,stop,103,154,156,212
aug8_52.jpg,320,240,stop,28,199,62,231
aug8_53.jpg,320,240,stop,204,80,241,113
aug8_54.jpg,320,240,stop,22,155,61,192
aug8_55.jpg,320,240,stop,57,187,82,213
aug8_56.jpg,320,240,stop,0,195,27,222
aug8_57.jpg,320,240,stop,2,194,45,234
aug8_58.jpg,320,240,stop,151,29,183,56
aug8_59.jpg,320,240,stop,131,137,163,164
aug8_60.jpg,320,240,stop,263,109,296,142
aug8_61.jpg,320,240,stop,267,167,302,198
aug8_62.jpg,320,240,stop,134,180,170,213
aug8_63.jpg,320,240,stop,113,71,149,99
aug8_64.jpg,320,240,stop,70,167,104,200
aug8_65.jpg,320,240,stop,172,80,213,118
aug8_66.jpg,320,240,stop,246,187,295,229
aug8_67.jpg,320,240,stop,238,52,291,97
aug8_68.jpg,320,240,stop,114,96,161,140
aug8_69.jpg,320,240,stop,253,124,314,176
aug8_70.jpg,320,240,stop,206,89,268,146
aug8_71.jpg,320,240,stop,102,174,141,208
aug8_72.jpg,320,240,stop,170,129,210,164
aug8_73.jpg,320,240,stop,221,30,263,67
aug8_74.jpg,320,240,stop,129,18,177,60
aug8_75.jpg,320,240,stop,85,94,137,140
aug8_76.jpg,320,240,stop,73,112,123,161
aug8_77.jpg,320,240,stop,56,11,119,68
aug8_78.jpg,320,240,stop,156,92,192,125
aug8_79.jpg,320,240,stop,44,16,80,52
aug8_80.jpg,320,240,stop,188,5,227,42
aug8_81.jpg,320,240,stop,7,166,45,202
aug8_82.jpg,320,240,stop,121,178,156,213
aug8_83.jpg,320,240,stop,65,132,103,173
aug8_84.jpg,320,240,stop,241,188,284,231
aug8_85.jpg,320,240,stop,246,81,298,129
aug8_86.jpg,320,240,stop,16,150,68,199
aug8_87.jpg,320,240,stop,231,72,287,125
aug8_88.jpg,320,240,stop,31,169,95,229
aug8_89.jpg,320,240,stop,127,1,189,65
aug8_90.jpg,320,240,stop,236,158,264,185
aug8_91.jpg,320,240,stop,28,38,68,73
aug8_92.jpg,320,240,stop,72,19,111,56
aug8_93.jpg,320,240,stop,29,161,75,204
aug8_94.jpg,320,240,stop,93,39,143,85
aug8_95.jpg,320,240,stop,263,125,311,175
aug8_96.jpg,320,240,stop,62,13,121,71
aug8_97.jpg,320,240,stop,189,163,240,223
aug8_98.jpg,320,240,stop,76,126,123,165
aug8_99.jpg,320,240,stop,17,195,48,224
aug8_100.jpg,320,240,stop,182,127,209,154
aug8_101.jpg,320,240,stop,282,142,311,171
aug8_102.jpg,320,240,stop,42,122,74,151
aug8_103.jpg,320,240,stop,275,153,309,184
aug8_104.jpg,320,240,stop,214,36,250,68
aug8_105.jpg,320,240,stop,250,137,298,178
aug8_106.jpg,320,240,stop,7,77,59,121
aug8_107.jpg,320,240,stop,277,23,304,48
aug8_108.jpg,320,240,stop,231,28,258,53
aug8_109.jpg,320,240,stop,9,86,39,111
aug8_110.jpg,320,240,stop,98,200,128,226
aug8_111.jpg,320,240,stop,57,147,114,194
aug8_112.jpg,320,240,stop,110,181,136,208
aug8_113.jpg,320,240,stop,88,44,120,73
aug8_114.jpg,320,240,stop,12,140,45,169
aug8_115.jpg,320,240,stop,156,18,190,48
aug8_116.jpg,320,240,stop,110,99,149,133
aug8_117.jpg,320,240,stop,62,76,101,113
aug8_118.jpg,320,240,stop,19,156,60,193
aug8_119.jpg,320,240,stop,180,108,229,149
aug8_120.jpg,320,240,stop,90,38,141,84
aug8_121.jpg,320,240,stop,95,145,156,199
aug8_122.jpg,320,240,stop,99,147,163,203
aug8_123.jpg,320,240,stop,97,38,161,93
aug8_124.jpg,320,240,stop,282,106,314,137
aug8_125.jpg,320,240,stop,5,123,34,150
aug8_126.jpg,320,240,stop,164,34,190,58
aug8_127.jpg,320,240,stop,12,114,39,139
aug8_128.jpg,320,240,stop,131,109,159,134
aug8_129.jpg,320,240,stop,253,206,283,233
aug8_130.jpg,320,240,stop,44,128,74,156
aug8_131.jpg,320,240,stop,140,149,172,178
aug8_132.jpg,320,240,stop,65,152,100,183
aug8_133.jpg,320,240,stop,5,43,39,77
aug8_134.jpg,320,240,stop,44,177,72,205
aug8_135.jpg,320,240,stop,95,7,133,41
aug8_136.jpg,320,240,stop,115,84,155,122
aug8_137.jpg,320,240,stop,104,180,150,225
aug8_138.jpg,320,240,stop,79,61,130,109
aug8_139.jpg,320,240,stop,64,114,97,145
aug8_140.jpg,320,240,stop,225,184,265,220
aug8_141.jpg,320,240,stop,163,123,204,161
aug9_0.jpg,320,240,stop,124,119,167,158
aug9_1.jpg,320,240,stop,106,50,155,92
aug9_2.jpg,320,240,stop,0,5,26,30
aug9_3.jpg,320,240,stop,123,156,149,181
aug9_4.jpg,320,240,stop,188,175,215,201
aug9_5.jpg,320,240,stop,19,179,69,226
aug9_6.jpg,320,240,stop,32,194,60,222
aug9_7.jpg,320,240,stop,17,68,71,117
aug9_8.jpg,320,240,stop,46,185,100,237
aug9_9.jpg,320,240,stop,30,95,56,123
aug9_10.jpg,320,240,stop,184,2,218,34
aug9_11.jpg,320,240,stop,156,93,193,125
aug9_12.jpg,320,240,stop,71,156,106,186
aug9_13.jpg,320,240,stop,195,137,232,175
aug9_14.jpg,320,240,stop,167,33,213,75
aug9_15.jpg,320,240,stop,3,101,57,148
aug9_16.jpg,320,240,stop,230,72,289,125
aug9_17.jpg,320,240,stop,160,131,224,190
aug9_18.jpg,320,240,stop,2,169,31,196
aug9_19.jpg,320,240,stop,268,131,297,160
aug9_20.jpg,320,240,stop,274,151,313,186
aug9_21.jpg,320,240,stop,236,76,275,110
aug9_22.jpg,320,240,stop,66,111,97,143
aug9_23.jpg,320,240,stop,12,195,53,230
aug9_24.jpg,320,240,stop,173,137,220,181
aug9_25.jpg,320,240,stop,262,189,312,234
aug9_26.jpg,320,240,stop,212,126,267,175
aug9_27.jpg,320,240,stop,30,54,84,109
aug9_28.jpg,320,240,stop,280,139,315,172
aug9_29.jpg,320,240,stop,39,205,77,238
aug9_30.jpg,320,240,stop,70,72,104,101
aug9_31.jpg,320,240,stop,292,45,319,72
aug9_32.jpg,320,240,stop,105,40,143,76
aug9_33.jpg,320,240,stop,277,41,308,69
aug9_34.jpg,320,240,stop,256,10,304,52
aug9_35.jpg,320,240,stop,78,194,128,237
aug9_36.jpg,320,240,stop,254,137,316,190
aug9_37.jpg,320,240,stop,86,87,132,128
aug9_38.jpg,320,240,stop,165,32,232,94
aug9_39.jpg,320,240,stop,21,115,45,139
aug9_40.jpg,320,240,stop,247,36,297,82
aug9_41.jpg,320,240,stop,13,206,40,231
aug9_42.jpg,320,240,stop,79,137,134,183
aug9_43.jpg,320,240,stop,167,111,197,139
aug9_44.jpg,320,240,stop,102,109,143,144
aug9_45.jpg,320,240,stop,40,12,77,44
aug9_46.jpg,320,240,stop,123,168,154,196
aug9_47.jpg,320,240,stop,45,114,91,154
aug9_48.jpg,320,240,stop,268,118,315,160
aug9_49.jpg,320,240,stop,140,45,190,92
aug9_50.jpg,320,240,stop,203,68,263,121
aug9_51.jpg,320,240,stop,223,137,276,195
aug9_52.jpg,320,240,stop,177,85,211,117
aug9_53.jpg,320,240,stop,144,186,181,219
aug9_54.jpg,320,240,stop,47,58,86,95
aug9_55.jpg,320,240,stop,182,43,207,69
aug9_56.jpg,320,240,stop,259,102,286,129
aug9_57.jpg,320,240,stop,85,110,128,150
aug9_58.jpg,320,240,stop,257,61,289,88
aug9_59.jpg,320,240,stop,73,24,105,51
aug9_60.jpg,320,240,stop,61,195,94,228
aug9_61.jpg,320,240,stop,114,52,149,83
aug9_62.jpg,320,240,stop,72,199,108,232
aug9_63.jpg,320,240,stop,145,153,181,181
aug9_64.jpg,320,240,stop,154,124,188,157
aug9_65.jpg,320,240,stop,108,69,149,107
aug9_66.jpg,320,240,stop,34,120,83,162
aug9_67.jpg,320,240,stop,22,54,75,99
aug9_68.jpg,320,240,stop,215,46,262,90
aug9_69.jpg,320,240,stop,180,108,241,160
aug9_70.jpg,320,240,stop,20,181,82,238
aug9_71.jpg,320,240,stop,1,112,40,146
aug9_72.jpg,320,240,stop,38,109,78,144
aug9_73.jpg,320,240,stop,155,83,197,120
aug9_74.jpg,320,240,stop,66,147,114,189
aug9_75.jpg,320,240,stop,266,132,318,178
aug9_76.jpg,320,240,stop,88,73,138,122
aug9_77.jpg,320,240,stop,222,138,285,195
aug9_78.jpg,320,240,stop,250,167,286,200
aug9_79.jpg,320,240,stop,231,154,267,190
aug9_80.jpg,320,240,stop,140,36,179,73
aug9_81.jpg,320,240,stop,114,35,152,71
aug9_82.jpg,320,240,stop,111,109,146,144
aug9_83.jpg,320,240,stop,125,36,163,77
aug9_84.jpg,320,240,stop,87,99,130,142
aug9_85.jpg,320,240,stop,84,183,136,231
aug9_86.jpg,320,240,stop,87,88,139,137
aug9_87.jpg,320,240,stop,131,81,187,134
aug9_88.jpg,320,240,stop,27,22,91,82
aug9_89.jpg,320,240,stop,134,116,196,180
aug9_90.jpg,320,240,stop,60,157,88,184
aug9_91.jpg,320,240,stop,83,35,123,70
aug9_92.jpg,320,240,stop,91,80,130,117
aug9_93.jpg,320,240,stop,250,35,296,78
aug9_94.jpg,320,240,stop,58,88,108,134
aug9_95.jpg,320,240,stop,74,101,122,151
aug9_96.jpg,320,240,stop,98,74,157,132
aug9_97.jpg,320,240,stop,110,52,161,112
aug9_98.jpg,320,240,stop,222,33,269,72
aug9_99.jpg,320,240,stop,124,210,155,239
aug9_100.jpg,320,240,stop,41,7,68,34
aug9_101.jpg,320,240,stop,262,173,291,202
aug9_102.jpg,320,240,stop,151,46,183,75
aug9_103.jpg,320,240,stop,246,78,280,109
aug9_104.jpg,320,240,stop,182,189,218,221
aug9_105.jpg,320,240,stop,119,14,167,55
aug9_106.jpg,320,240,stop,130,190,182,234
aug9_107.jpg,320,240,stop,262,21,289,46
aug9_108.jpg,320,240,stop,140,187,167,212
aug9_109.jpg,320,240,stop,285,132,315,157
aug9_110.jpg,320,240,stop,179,126,209,152
aug9_111.jpg,320,240,stop,123,115,180,162
aug9_112.jpg,320,240,stop,131,169,157,196
aug9_113.jpg,320,240,stop,63,51,95,80
aug9_114.jpg,320,240,stop,117,172,150,201
aug9_115.jpg,320,240,stop,22,28,56,58
aug9_116.jpg,320,240,stop,159,105,198,139
aug9_117.jpg,320,240,stop,63,20,102,57
aug9_118.jpg,320,240,stop,70,27,111,64
aug9_119.jpg,320,240,stop,186,143,235,184
aug9_120.jpg,320,240,stop,61,136,112,182
aug9_121.jpg,320,240,stop,171,109,232,163
aug9_122.jpg,320,240,stop,217,74,281,130
aug9_123.jpg,320,240,stop,119,143,183,198
aug9_124.jpg,320,240,stop,107,19,139,50
aug9_125.jpg,320,240,stop,166,203,195,230
aug9_126.jpg,320,240,stop,277,95,303,119
aug9_127.jpg,320,240,stop,261,168,288,193
aug9_128.jpg,320,240,stop,213,195,241,220
aug9_129.jpg,320,240,stop,117,107,147,134
aug9_130.jpg,320,240,stop,237,206,267,234
aug9_131.jpg,320,240,stop,253,1,285,30
aug9_132.jpg,320,240,stop,78,70,113,101
aug9_133.jpg,320,240,stop,31,117,65,151
aug9_134.jpg,320,240,stop,285,172,313,200
aug9_135.jpg,320,240,stop,89,88,127,122
aug9_136.jpg,320,240,stop,137,63,177,101
aug9_137.jpg,320,240,stop,9,40,55,85
aug9_138.jpg,320,240,stop,228,55,279,103
aug9_139.jpg,320,240,stop,241,131,274,162
aug9_140.jpg,320,240,stop,178,104,218,140
aug9_141.jpg,320,240,stop,59,128,100,166
