aug0_0.jpg,320,240,stop,98,82,141,121
aug0_1.jpg,320,240,stop,181,97,230,139
aug0_2.jpg,320,240,stop,222,135,248,160
aug0_3.jpg,320,240,stop,12,142,38,167
aug0_4.jpg,320,240,stop,55,166,82,192
aug0_5.jpg,320,240,stop,178,117,228,164
aug0_6.jpg,320,240,stop,264,128,292,156
aug0_7.jpg,320,240,stop,152,73,206,122
aug0_8.jpg,320,240,stop,138,83,192,135
aug0_9.jpg,320,240,stop,213,150,239,178
aug0_10.jpg,320,240,stop,75,155,109,187
aug0_11.jpg,320,240,stop,272,51,309,83
aug0_12.jpg,320,240,stop,8,171,43,201
aug0_13.jpg,320,240,stop,176,16,213,54
aug0_14.jpg,320,240,stop,204,39,250,81
aug0_15.jpg,320,240,stop,185,180,239,227
aug0_16.jpg,320,240,stop,141,37,200,90
aug0_17.jpg,320,240,stop,20,107,84,166
aug0_18.jpg,320,240,stop,173,105,202,132
aug0_19.jpg,320,240,stop,237,157,266,186
aug0_20.jpg,320,240,stop,217,149,256,184
aug0_21.jpg,320,240,stop,174,149,213,183
aug0_22.jpg,320,240,stop,97,91,128,123
aug0_23.jpg,320,240,stop,102,87,143,122
aug0_24.jpg,320,240,stop,249,107,296,151
aug0_25.jpg,320,240,stop,60,38,110,83
aug0_26.jpg,320,240,stop,12,144,67,193
aug0_27.jpg,320,240,stop,173,95,227,150
aug0_28.jpg,320,240,stop,264,189,299,222
aug0_29.jpg,320,240,stop,62,49,100,82
aug0_30.jpg,320,240,stop,256,85,290,114
aug0_31.jpg,320,240,stop,220,86,247,113
aug0_32.jpg,320,240,stop,160,20,198,56
aug0_33.jpg,320,240,stop,212,36,243,64
aug0_34.jpg,320,240,stop,14,82,62,124
aug0_35.jpg,320,240,stop,200,27,250,70
aug0_36.jpg,320,240,stop,5,137,67,190
aug0_37.jpg,320,240,stop,97,130,143,171
aug0_38.jpg,320,240,stop,23,38,90,100
aug0_39.jpg,320,240,stop,75,178,99,202
aug0_40.jpg,320,240,stop,138,31,188,77
aug0_41.jpg,320,240,stop,147,152,174,177
aug0_42.jpg,320,240,stop,10,8,65,54
aug0_43.jpg,320,240,stop,153,152,183,180
aug0_44.jpg,320,240,stop,91,26,132,61
aug0_45.jpg,320,240,stop,282,70,319,102
aug0_46.jpg,320,240,stop,114,116,145,144
aug0_47.jpg,320,240,stop,136,94,182,134
aug0_48.jpg,320,240,stop,175,172,222,214
aug0_49.jpg,320,240,stop,90,151,140,198
aug0_50.jpg,320,240,stop,197,10,257,63
aug0_51.jpg,320,240,stop,94,23,147,81
aug0_52.jpg,320,240,stop,93,69,127,101
aug0_53.jpg,320,240,stop,164,165,201,198
aug0_54.jpg,320,240,stop,168,61,207,98
aug0_55.jpg,320,240,stop,87,67,112,93
aug0_56.jpg,320,240,stop,17,151,44,178
aug0_57.jpg,320,240,stop,67,181,110,221
aug0_58.jpg,320,240,stop,115,189,147,216
aug0_59.jpg,320,240,stop,65,39,97,66
aug0_60.jpg,320,240,stop,86,194,119,227
aug0_61.jpg,320,240,stop,120,190,155,221
aug0_62.jpg,320,240,stop,98,133,134,166
aug0_63.jpg,320,240,stop,252,115,288,143
aug0_64.jpg,320,240,stop,232,128,266,161
aug0_65.jpg,320,240,stop,118,149,159,187
aug0_66.jpg,320,240,stop,99,31,148,73
aug0_67.jpg,320,240,stop,173,54,226,99
aug0_68.jpg,320,240,stop,143,48,190,92
aug0_69.jpg,320,240,stop,0,80,61,132
aug0_70.jpg,320,240,stop,154,171,216,228
aug0_71.jpg,320,240,stop,208,84,247,118
aug0_72.jpg,320,240,stop,40,167,80,202
aug0_73.jpg,320,240,stop,9,22,51,59
aug0_74.jpg,320,240,stop,223,187,271,229
aug0_75.jpg,320,240,stop,266,172,318,218
aug0_76.jpg,320,240,stop,32,77,82,126
aug0_77.jpg,320,240,stop,109,62,172,119
aug0_78.jpg,320,240,stop,249,51,285,84
aug0_79.jpg,320,240,stop,8,155,44,191
aug0_80.jpg,320,240,stop,9,41,48,78
aug0_81.jpg,320,240,stop,37,70,75,106
aug0_82.jpg,320,240,stop,69,159,104,194
aug0_83.jpg,320,240,stop,7,145,45,186
aug0_84.jpg,320,240,stop,184,13,227,56
aug0_85.jpg,320,240,stop,156,91,208,139
aug0_86.jpg,320,240,stop,49,128,101,177
aug0_87.jpg,320,240,stop,218,155,274,208
aug0_88.jpg,320,240,stop,22,121,86,181
aug0_89.jpg,320,240,stop,208,172,270,236
aug0_90.jpg,320,240,stop,72,33,100,60
aug0_91.jpg,320,240,stop,40,118,80,153
aug0_92.jpg,320,240,stop,99,39,138,76
aug0_93.jpg,320,240,stop,71,64,117,107
aug0_94.jpg,320,240,stop,40,163,90,209
aug0_95.jpg,320,240,stop,221,49,269,99
aug0_96.jpg,320,240,stop,96,168,155,226
aug0_97.jpg,320,240,stop,89,32,140,92
aug0_98.jpg,320,240,stop,26,139,73,178
aug0_99.jpg,320,240,stop,249,23,280,52
aug0_100.jpg,320,240,stop,13,158,40,185
aug0_101.jpg,320,240,stop,84,35,113,64
aug0_102.jpg,320,240,stop,192,8,224,37
aug0_103.jpg,320,240,stop,209,63,243,94
aug0_104.jpg,320,240,stop,186,135,222,167
aug0_105.jpg,320,240,stop,39,147,87,188
aug0_106.jpg,320,240,stop,165,46,217,90
aug0_107.jpg,320,240,stop,244,12,271,37
aug0_108.jpg,320,240,stop,217,120,244,145
aug0_109.jpg,320,240,stop,39,87,69,112
aug0_110.jpg,320,240,stop,125,15,155,41
aug0_111.jpg,320,240,stop,168,118,225,165
aug0_112.jpg,320,240,stop,182,144,208,171
aug0_113.jpg,320,240,stop,253,204,285,233
aug0_114.jpg,320,240,stop,238,90,271,119
aug0_115.jpg,320,240,stop,261,153,295,183
aug0_116.jpg,320,240,stop,279,145,318,179
aug0_117.jpg,320,240,stop,97,196,136,233
aug0_118.jpg,320,240,stop,96,46,137,83
aug0_119.jpg,320,240,stop,16,49,65,90
aug0_120.jpg,320,240,stop,108,50,159,96
aug0_121.jpg,320,240,stop,158,24,219,78
aug0_122.jpg,320,240,stop,88,58,152,114
aug0_123.jpg,320,240,stop,34,136,98,191
aug0_124.jpg,320,240,stop,201,87,233,118
aug0_125.jpg,320,240,stop,142,8,171,35
aug0_126.jpg,320,240,stop,251,183,277,207
aug0_127.jpg,320,240,stop,199,145,226,170
aug0_128.jpg,320,240,stop,190,91,218,116
aug0_129.jpg,320,240,stop,105,171,135,198
aug0_130.jpg,320,240,stop,127,140,157,168
aug0_131.jpg,320,240,stop,154,76,186,105
aug0_132.jpg,320,240,stop,94,161,129,192
aug0_133.jpg,320,240,stop,20,202,54,236
aug0_134.jpg,320,240,stop,209,48,237,76
aug0_135.jpg,320,240,stop,54,17,92,51
aug0_136.jpg,320,240,stop,161,53,201,91
aug0_137.jpg,320,240,stop,20,87,66,132
aug0_138.jpg,320,240,stop,11,120,62,168
aug0_139.jpg,320,240,stop,59,6,92,37
aug0_140.jpg,320,240,stop,70,74,110,110
aug0_141.jpg,320,240,stop,83,153,124,191
aug1_0.jpg,320,240,stop,130,141,173,180
aug1_1.jpg,320,240,stop,177,106,226,148
aug1_2.jpg,320,240,stop,117,72,143,97
aug1_3.jpg,320,240,stop,273,152,299,177
aug1_4.jpg,320,240,stop,173,76,200,102
aug1_5.jpg,320,240,stop,118,170,168,217
aug1_6.jpg,320,240,stop,271,179,299,207
aug1_7.jpg,320,240,stop,187,176,241,225
aug1_8.jpg,320,240,stop,262,127,316,179
aug1_9.jpg,320,240,stop,76,131,102,159
aug1_10.jpg,320,240,stop,43,198,77,230
aug1_11.jpg,320,240,stop,260,113,297,145
aug1_12.jpg,320,240,stop,133,108,168,138
aug1_13.jpg,320,240,stop,108,1,145,39
aug1_14.jpg,320,240,stop,214,45,260,87
aug1_15.jpg,320,240,stop,262,87,316,134
aug1_16.jpg,320,240,stop,30,107,89,160
aug1_17.jpg,320,240,stop,97,13,161,72
aug1_18.jpg,320,240,stop,249,108,278,135
aug1_19.jpg,320,240,stop,251,193,280,222
aug1_20.jpg,320,240,stop,12,188,51,223
aug1_21.jpg,320,240,stop,158,178,197,212
aug1_22.jpg,320,240,stop,189,2,220,34
aug1_23.jpg,320,240,stop,31,136,72,171
aug1_24.jpg,320,240,stop,65,46,112,90
aug1_25.jpg,320,240,stop,196,81,246,126
aug1_26.jpg,320,240,stop,36,97,91,146
aug1_27.jpg,320,240,stop,4,94,58,149
aug1_28.jpg,320,240,stop,186,142,221,175
aug1_29.jpg,320,240,stop,52,162,90,195
aug1_30.jpg,320,240,stop,63,182,97,211
aug1_31.jpg,320,240,stop,105,22,132,49
aug1_32.jpg,320,240,stop,140,199,178,235
aug1_33.jpg,320,240,stop,46,168,77,196
aug1_34.jpg,320,240,stop,89,26,137,68
aug1_35.jpg,320,240,stop,216,73,266,116
aug1_36.jpg,320,240,stop,134,89,196,142
aug1_37.jpg,320,240,stop,84,181,130,222
aug1_38.jpg,320,240,stop,70,85,137,147
aug1_39.jpg,320,240,stop,282,132,306,156
aug1_40.jpg,320,240,stop,257,100,307,146
aug1_41.jpg,320,240,stop,273,44,300,69
aug1_42.jpg,320,240,stop,185,153,240,199
aug1_43.jpg,320,240,stop,185,189,215,217
aug1_44.jpg,320,240,stop,123,95,164,130
aug1_45.jpg,320,240,stop,266,150,303,182
aug1_46.jpg,320,240,stop,55,156,86,184
aug1_47.jpg,320,240,stop,158,64,204,104
aug1_48.jpg,320,240,stop,223,132,270,174
aug1_49.jpg,320,240,stop,94,121,144,168
aug1_50.jpg,320,240,stop,180,167,240,220
aug1_51.jpg,320,240,stop,237,82,290,140
aug1_52.jpg,320,240,stop,93,155,127,187
aug1_53.jpg,320,240,stop,246,84,283,117
aug1_54.jpg,320,240,stop,54,116,93,153
aug1_55.jpg,320,240,stop,66,166,91,192
aug1_56.jpg,320,240,stop,102,155,129,182
aug1_57.jpg,320,240,stop,23,166,66,206
aug1_58.jpg,320,240,stop,265,84,297,111
aug1_59.jpg,320,240,stop,211,176,243,203
aug1_60.jpg,320,240,stop,4,182,37,215
aug1_61.jpg,320,240,stop,148,77,183,108
aug1_62.jpg,320,240,stop,63,64,99,97
aug1_63.jpg,320,240,stop,111,153,147,181
aug1_64.jpg,320,240,stop,9,198,43,231
aug1_65.jpg,320,240,stop,71,48,112,86
aug1_66.jpg,320,240,stop,34,197,83,239
aug1_67.jpg,320,240,stop,105,64,158,109
aug1_68.jpg,320,240,stop,103,99,150,143
aug1_69.jpg,320,240,stop,11,123,72,175
aug1_70.jpg,320,240,stop,114,36,176,93
aug1_71.jpg,320,240,stop,271,13,310,47
aug1_72.jpg,320,240,stop,162,54,202,89
aug1_73.jpg,320,240,stop,147,52,189,89
aug1_74.jpg,320,240,stop,18,26,66,68
aug1_75.jpg,320,240,stop,132,109,184,155
aug1_76.jpg,320,240,stop,95,158,145,207
aug1_77.jpg,320,240,stop,192,131,255,188
aug1_78.jpg,320,240,stop,249,24,285,57
aug1_79.jpg,320,240,stop,47,175,83,211
aug1_80.jpg,320,240,stop,74,118,113,155
aug1_81.jpg,320,240,stop,191,87,229,123
aug1_82.jpg,320,240,stop,18,169,53,204
aug1_83.jpg,320,240,stop,257,191,295,232
aug1_84.jpg,320,240,stop,236,84,279,127
aug1_85.jpg,320,240,stop,186,17,238,65
aug1_86.jpg,320,240,stop,264,169,316,218
aug1_87.jpg,320,240,stop,234,80,290,133
aug1_88.jpg,320,240,stop,38,133,102,193
aug1_89.jpg,320,240,stop,130,156,192,220
aug1_90.jpg,320,240,stop,103,148,131,175
aug1_91.jpg,320,240,stop,240,161,280,196
aug1_92.jpg,320,240,stop,86,179,125,216
aug1_93.jpg,320,240,stop,91,189,137,232
aug1_94.jpg,320,240,stop,173,27,223,73
aug1_95.jpg,320,240,stop,85,60,133,110
aug1_96.jpg,320,240,stop,11,28,70,86
aug1_97.jpg,320,240,stop,242,164,293,224
aug1_98.jpg,320,240,stop,191,52,238,91
aug1_99.jpg,320,240,stop,56,15,87,44
aug1_100.jpg,320,240,stop,186,204,213,231
aug1_101.jpg,320,240,stop,142,130,171,159
aug1_102.jpg,320,240,stop,277,85,309,114
aug1_103.jpg,320,240,stop,84,182,118,213
aug1_104.jpg,320,240,stop,270,201,306,233
aug1_105.jpg,320,240,stop,226,172,274,213
aug1_106.jpg,320,240,stop,66,40,118,84
aug1_107.jpg,320,240,stop,271,95,298,120
aug1_108.jpg,320,240,stop,187,191,214,216
aug1_109.jpg,320,240,stop,6,170,36,195
aug1_110.jpg,320,240,stop,195,36,225,62
aug1_111.jpg,320,240,stop,236,152,293,199
aug1_112.jpg,320,240,stop,110,173,136,200
aug1_113.jpg,320,240,stop,94,35,126,64
aug1_114.jpg,320,240,stop,77,136,110,165
aug1_115.jpg,320,240,stop,10,20,44,50
aug1_116.jpg,320,240,stop,260,127,299,161
aug1_117.jpg,320,240,stop,123,191,162,228
aug1_118.jpg,320,240,stop,141,64,182,101
aug1_119.jpg,320,240,stop,255,183,304,224
aug1_120.jpg,320,240,stop,208,54,259,100
aug1_121.jpg,320,240,stop,191,67,252,121
aug1_122.jpg,320,240,stop,20,150,84,206
aug1_123.jpg,320,240,stop,177,70,241,125
aug1_124.jpg,320,240,stop,172,134,204,165
aug1_125.jpg,320,240,stop,84,166,113,193
aug1_126.jpg,320,240,stop,155,16,181,40
aug1_127.jpg,320,240,stop,17,179,44,204
aug1_128.jpg,320,240,stop,150,149,178,174
aug1_129.jpg,320,240,stop,131,195,161,222
aug1_130.jpg,320,240,stop,184,11,214,39
aug1_131.jpg,320,240,stop,93,24,125,53
aug1_132.jpg,320,240,stop,127,77,162,108
aug1_133.jpg,320,240,stop,219,192,253,226
aug1_134.jpg,320,240,stop,271,72,299,100
aug1_135.jpg,320,240,stop,267,92,305,126
aug1_136.jpg,320,240,stop,195,93,235,131
aug1_137.jpg,320,240,stop,206,81,252,126
aug1_138.jpg,320,240,stop,79,116,130,164
aug1_139.jpg,320,240,stop,238,4,271,35
aug1_140.jpg,320,240,stop,126,53,166,89
aug1_141.jpg,320,240,stop,105,180,146,218
aug2_0.jpg,320,240,stop,144,59,187,98
aug2_1.jpg,320,240,stop,222,182,271,224
aug2_2.jpg,320,240,stop,195,116,221,141
aug2_3.jpg,320,240,stop,145,114,171,139
aug2_4.jpg,320,240,stop,290,64,317,90
aug2_5.jpg,320,240,stop,126,147,176,194
aug2_6.jpg,320,240,stop,76,127,104,155
aug2_7.jpg,320,240,stop,128,150,182,199
aug2_8.jpg,320,240,stop,234,128,288,180
aug2_9.jpg,320,240,stop,258,136,284,164
aug2_10.jpg,320,240,stop,190,58,224,90
aug2_11.jpg,320,240,stop,107,75,144,107
aug2_12.jpg,320,240,stop,190,139,225,169
aug2_13.jpg,320,240,stop,176,167,213,205
aug2_14.jpg,320,240,stop,262,47,308,89
aug2_15.jpg,320,240,stop,160,133,214,180
aug2_16.jpg,320,240,stop,158,170,217,223
aug2_17.jpg,320,240,stop,184,12,248,71
aug2_18.jpg,320,240,stop,220,138,249,165
aug2_19.jpg,320,240,stop,68,59,97,88
aug2_20.jpg,320,240,stop,182,139,221,174
aug2_21.jpg,320,240,stop,253,144,292,178
aug2_22.jpg,320,240,stop,1,15,32,47
aug2_23.jpg,320,240,stop,110,28,151,63
aug2_24.jpg,320,240,stop,172,69,219,113
aug2_25.jpg,320,240,stop,112,189,162,234
aug2_26.jpg,320,240,stop,237,1,292,50
aug2_27.jpg,320,240,stop,259,85,313,140
aug2_28.jpg,320,240,stop,140,130,175,163
aug2_29.jpg,320,240,stop,201,52,239,85
aug2_30.jpg,320,240,stop,151,167,185,196
aug2_31.jpg,320,240,stop,146,141,173,168
aug2_32.jpg,320,240,stop,85,98,123,134
aug2_33.jpg,320,240,stop,216,82,247,110
aug2_34.jpg,320,240,stop,113,47,161,89
aug2_35.jpg,320,240,stop,147,154,197,197
aug2_36.jpg,320,240,stop,9,71,71,124
aug2_37.jpg,320,240,stop,85,63,131,104
aug2_38.jpg,320,240,stop,112,69,179,131
aug2_39.jpg,320,240,stop,59,199,83,223
aug2_40.jpg,320,240,stop,41,101,91,147
aug2_41.jpg,320,240,stop,70,182,97,207
aug2_42.jpg,320,240,stop,118,78,173,124
aug2_43.jpg,320,240,stop,137,64,167,92
aug2_44.jpg,320,240,stop,91,199,132,234
aug2_45.jpg,320,240,stop,64,99,101,131
aug2_46.jpg,320,240,stop,171,188,202,216
aug2_47.jpg,320,240,stop,124,177,170,217
aug2_48.jpg,320,240,stop,130,134,177,176
aug2_49.jpg,320,240,stop,40,176,90,223
aug2_50.jpg,320,240,stop,236,2,296,55
aug2_51.jpg,320,240,stop,21,130,74,188
aug2_52.jpg,320,240,stop,122,145,156,177
aug2_53.jpg,320,240,stop,277,5,314,38
aug2_54.jpg,320,240,stop,100,143,139,180
aug2_55.jpg,320,240,stop,58,121,83,147
aug2_56.jpg,320,240,stop,95,118,122,145
aug2_57.jpg,320,240,stop,93,13,136,53
aug2_58.jpg,320,240,stop,129,107,161,134
aug2_59.jpg,320,240,stop,189,54,221,81
aug2_60.jpg,320,240,stop,49,36,82,69
aug2_61.jpg,320,240,stop,273,157,308,188
aug2_62.jpg,320,240,stop,47,70,83,103
aug2_63.jpg,320,240,stop,273,131,309,159
aug2_64.jpg,320,240,stop,216,171,250,204
aug2_65.jpg,320,240,stop,116,32,157,70
aug2_66.jpg,320,240,stop,214,189,263,231
aug2_67.jpg,320,240,stop,18,140,71,185
aug2_68.jpg,320,240,stop,40,16,87,60
aug2_69.jpg,320,240,stop,3,146,64,198
aug2_70.jpg,320,240,stop,246,135,308,192
aug2_71.jpg,320,240,stop,96,14,135,48
aug2_72.jpg,320,240,stop,157,121,197,156
aug2_73.jpg,320,240,stop,244,131,286,168
aug2_74.jpg,320,240,stop,35,55,83,97
aug2_75.jpg,320,240,stop,197,43,249,89
aug2_76.jpg,320,240,stop,168,171,218,220
aug2_77.jpg,320,240,stop,33,172,96,229
aug2_78.jpg,320,240,stop,237,204,273,237
aug2_79.jpg,320,240,stop,242,97,278,133
aug2_80.jpg,320,240,stop,87,201,126,238
aug2_81.jpg,320,240,stop,193,168,231,204
aug2_82.jpg,320,240,stop,103,91,138,126
aug2_83.jpg,320,240,stop,206,176,244,217
aug2_84.jpg,320,240,stop,20,174,63,217
aug2_85.jpg,320,240,stop,178,3,230,51
aug2_86.jpg,320,240,stop,31,39,83,88
aug2_87.jpg,320,240,stop,103,103,159,156
aug2_88.jpg,320,240,stop,194,140,258,200
aug2_89.jpg,320,240,stop,95,54,157,118
aug2_90.jpg,320,240,stop,216,65,244,92
aug2_91.jpg,320,240,stop,47,202,87,237
aug2_92.jpg,320,240,stop,38,146,77,183
aug2_93.jpg,320,240,stop,265,100,311,143
aug2_94.jpg,320,240,stop,53,120,103,166
aug2_95.jpg,320,240,stop,258,22,306,72
aug2_96.jpg,320,240,stop,21,108,80,166
aug2_97.jpg,320,240,stop,70,60,121,120
aug2_98.jpg,320,240,stop,189,47,236,86
aug2_99.jpg,320,240,stop,120,58,151,87
aug2_100.jpg,320,240,stop,248,161,275,188
aug2_101.jpg,320,240,stop,198,70,227,99
aug2_102.jpg,320,240,stop,86,34,118,63
aug2_103.jpg,320,240,stop,66,168,100,199
aug2_104.jpg,320,240,stop,87,188,123,220
aug2_105.jpg,320,240,stop,270,193,318,234
aug2_106.jpg,320,240,stop,206,31,258,75
aug2_107.jpg,320,240,stop,65,22,92,47
aug2_108.jpg,320,240,stop,151,146,178,171
aug2_109.jpg,320,240,stop,13,78,43,103
aug2_110.jpg,320,240,stop,287,51,317,77
aug2_111.jpg,320,240,stop,239,45,296,92
aug2_112.jpg,320,240,stop,219,129,245,156
aug2_113.jpg,320,240,stop,147,4,179,33
aug2_114.jpg,320,240,stop,3,141,36,170
aug2_115.jpg,320,240,stop,168,83,202,113
aug2_116.jpg,320,240,stop,142,74,181,108
aug2_117.jpg,320,240,stop,56,177,95,214
aug2_118.jpg,320,240,stop,38,39,79,76
aug2_119.jpg,320,240,stop,104,17,153,58
aug2_120.jpg,320,240,stop,17,122,68,168
aug2_121.jpg,320,240,stop,150,33,211,87
aug2_122.jpg,320,240,stop,97,77,161,133
aug2_123.jpg,320,240,stop,47,97,111,152
aug2_124.jpg,320,240,stop,242,45,274,76
aug2_125.jpg,320,240,stop,259,16,288,43
aug2_126.jpg,320,240,stop,142,195,168,219
aug2_127.jpg,320,240,stop,246,93,273,118
aug2_128.jpg,320,240,stop,256,136,284,161
aug2_129.jpg,320,240,stop,218,10,248,37
aug2_130.jpg,320,240,stop,82,176,112,204
aug2_131.jpg,320,240,stop,227,9,259,38
aug2_132.jpg,320,240,stop,119,200,154,231
aug2_133.jpg,320,240,stop,26,142,60,176
aug2_134.jpg,320,240,stop,262,35,290,63
aug2_135.jpg,320,240,stop,233,43,271,77
aug2_136.jpg,320,240,stop,66,32,106,70
aug2_137.jpg,320,240,stop,118,142,164,187
aug2_138.jpg,320,240,stop,61,76,112,124
aug2_139.jpg,320,240,stop,211,62,244,93
aug2_140.jpg,320,240,stop,262,55,302,91
aug2_141.jpg,320,240,stop,62,53,103,91
aug3_0.jpg,320,240,stop,157,149,200,188
aug3_1.jpg,320,240,stop,151,87,200,129
aug3_2.jpg,320,240,stop,35,100,61,125
aug3_3.jpg,320,240,stop,4,27,30,52
aug3_4.jpg,320,240,stop,175,209,202,235
aug3_5.jpg,320,240,stop,264,6,314,53
aug3_6.jpg,320,240,stop,151,4,179,32
aug3_7.jpg,320,240,stop,228,33,282,82
aug3_8.jpg,320,240,stop,71,106,125,158
aug3_9.jpg,320,240,stop,133,197,159,225
aug3_10.jpg,320,240,stop,149,120,183,152
aug3_11.jpg,320,240,stop,135,165,172,197
aug3_12.jpg,320,240,stop,4,139,39,169
aug3_13.jpg,320,240,stop,135,30,172,68
aug3_14.jpg,320,240,stop,18,147,64,189
aug3_15.jpg,320,240,stop,181,149,235,196
aug3_16.jpg,320,240,stop,61,123,120,176
aug3_17.jpg,320,240,stop,142,20,206,79
aug3_18.jpg,320,240,stop,271,102,300,129
aug3_19.jpg,320,240,stop,274,138,303,167
aug3_20.jpg,320,240,stop,218,29,257,64
aug3_21.jpg,320,240,stop,246,180,285,214
aug3_22.jpg,320,240,stop,279,85,310,117
aug3_23.jpg,320,240,stop,105,55,146,90
aug3_24.jpg,320,240,stop,248,9,295,53
aug3_25.jpg,320,240,stop,239,10,289,55
aug3_26.jpg,320,240,stop,225,181,280,230
aug3_27.jpg,320,240,stop,254,12,308,67
aug3_28.jpg,320,240,stop,117,50,152,83
aug3_29.jpg,320,240,stop,266,5,304,38
aug3_30.jpg,320,240,stop,68,208,102,237
aug3_31.jpg,320,240,stop,73,96,100,123
aug3_32.jpg,320,240,stop,130,45,168,81
aug3_33.jpg,320,240,stop,165,130,196,158
aug3_34.jpg,320,240,stop,117,113,165,155
aug3_35.jpg,320,240,stop,255,74,305,117
aug3_36.jpg,320,240,stop,192,109,254,162
aug3_37.jpg,320,240,stop,215,72,261,113
aug3_38.jpg,320,240,stop,125,46,192,108
aug3_39.jpg,320,240,stop,125,210,149,234
aug3_40.jpg,320,240,stop,227,148,277,194
aug3_41.jpg,320,240,stop,89,107,116,132
aug3_42.jpg,320,240,stop,144,140,199,186
aug3_43.jpg,320,240,stop,9,7,39,35
aug3_44.jpg,320,240,stop,197,43,238,78
aug3_45.jpg,320,240,stop,237,207,274,239
aug3_46.jpg,320,240,stop,3,207,34,235
aug3_47.jpg,320,240,stop,57,91,103,131
aug3_48.jpg,320,240,stop,255,97,302,139
aug3_49.jpg,320,240,stop,47,170,97,217
aug3_50.jpg,320,240,stop,41,109,101,162
aug3_51.jpg,320,240,stop,8,26,61,84
aug3_52.jpg,320,240,stop,270,134,304,166
aug3_53.jpg,320,240,stop,139,68,176,101
aug3_54.jpg,320,240,stop,26,62,65,99
aug3_55.jpg,320,240,stop,293,25,318,51
aug3_56.jpg,320,240,stop,203,122,230,149
aug3_57.jpg,320,240,stop,258,48,301,88
aug3_58.jpg,320,240,stop,24,194,56,221
aug3_59.jpg,320,240,stop,241,177,273,204
aug3_60.jpg,320,240,stop,219,161,252,194
aug3_61.jpg,320,240,stop,219,17,254,48
aug3_62.jpg,320,240,stop,43,198,79,231
aug3_63.jpg,320,240,stop,234,105,270,133
aug3_64.jpg,320,240,stop,222,101,256,134
aug3_65.jpg,320,240,stop,173,7,214,45
aug3_66.jpg,320,240,stop,209,34,258,76
aug3_67.jpg,320,240,stop,108,179,161,224
aug3_68.jpg,320,240,stop,235,180,282,224
aug3_69.jpg,320,240,stop,30,54,91,106
aug3_70.jpg,320,240,stop,13,21,75,78
aug3_71.jpg,320,240,stop,269,96,308,130
aug3_72.jpg,320,240,stop,167,128,207,163
aug3_73.jpg,320,240,stop,61,163,103,200
aug3_74.jpg,320,240,stop,3,8,51,50
aug3_75.jpg,320,240,stop,75,11,127,57
aug3_76.jpg,320,240,stop,113,126,163,175
aug3_77.jpg,320,240,stop,52,0,115,57
aug3_78.jpg,320,240,stop,130,42,166,75
aug3_79.jpg,320,240,stop,238,112,274,148
aug3_80.jpg,320,240,stop,53,178,92,215
aug3_81.jpg,320,240,stop,193,135,231,171
aug3_82.jpg,320,240,stop,80,158,115,193
aug3_83.jpg,320,240,stop,51,4,89,45
aug3_84.jpg,320,240,stop,155,7,198,50
aug3_85.jpg,320,240,stop,85,33,137,81
aug3_86.jpg,320,240,stop,14,173,66,222
aug3_87.jpg,320,240,stop,168,35,224,88
aug3_88.jpg,320,240,stop,188,89,252,149
aug3_89.jpg,320,240,stop,115,80,177,144
aug3_90.jpg,320,240,stop,93,15,121,42
aug3_91.jpg,320,240,stop,255,56,295,91
aug3_92.jpg,320,240,stop,166,10,205,47
aug3_93.jpg,320,240,stop,251,137,297,180
aug3_94.jpg,320,240,stop,194,172,244,218
aug3_95.jpg,320,240,stop,34,23,82,73
aug3_96.jpg,320,240,stop,21,64,80,122
aug3_97.jpg,320,240,stop,174,156,225,216
aug3_98.jpg,320,240,stop,75,33,122,72
aug3_99.jpg,320,240,stop,83,99,114,128
aug3_100.jpg,320,240,stop,62,82,89,109
aug3_101.jpg,320,240,stop,104,104,133,133
aug3_102.jpg,320,240,stop,204,21,236,50
aug3_103.jpg,320,240,stop,69,41,103,72
aug3_104.jpg,320,240,stop,141,163,177,195
aug3_105.jpg,320,240,stop,79,92,127,133
aug3_106.jpg,320,240,stop,3,58,55,102
aug3_107.jpg,320,240,stop,178,57,205,82
aug3_108.jpg,320,240,stop,178,51,205,76
aug3_109.jpg,320,240,stop,181,115,211,140
aug3_110.jpg,320,240,stop,185,12,215,38
aug3_111.jpg,320,240,stop,17,36,74,83
aug3_112.jpg,320,240,stop,266,146,292,173
aug3_113.jpg,320,240,stop,33,143,65,172
aug3_114.jpg,320,240,stop,265,74,298,103
aug3_115.jpg,320,240,stop,275,111,309,141
aug3_116.jpg,320,240,stop,238,112,277,146
aug3_117.jpg,320,240,stop,166,73,205,110
aug3_118.jpg,320,240,stop,110,167,151,204
aug3_119.jpg,320,240,stop,55,24,104,65
aug3_120.jpg,320,240,stop,214,190,265,236
aug3_121.jpg,320,240,stop,244,180,305,234
aug3_122.jpg,320,240,stop,86,130,150,186
aug3_123.jpg,320,240,stop,244,123,308,178
aug3_124.jpg,320,240,stop,20,111,52,142
aug3_125.jpg,320,240,stop,243,28,272,55
aug3_126.jpg,320,240,stop,11,126,37,150
aug3_127.jpg,320,240,stop,90,130,117,155
aug3_128.jpg,320,240,stop,64,92,92,117
aug3_129.jpg,320,240,stop,71,25,101,52
aug3_130.jpg,320,240,stop,152,175,182,203
aug3_131.jpg,320,240,stop,23,19,55,48
aug3_132.jpg,320,240,stop,264,67,299,98
aug3_133.jpg,320,240,stop,41,69,75,103
aug3_134.jpg,320,240,stop,144,163,172,191
aug3_135.jpg,320,240,stop,260,188,298,222
aug3_136.jpg,320,240,stop,238,133,278,171
aug3_137.jpg,320,240,stop,228,181,274,226
aug3_138.jpg,320,240,stop,120,12,171,60
aug3_139.jpg,320,240,stop,59,7,92,38
aug3_140.jpg,320,240,stop,185,73,225,109
aug3_141.jpg,320,240,stop,41,5,82,43
aug4_0.jpg,320,240,stop,233,128,276,167
aug4_1.jpg,320,240,stop,18,148,67,190
aug4_2.jpg,320,240,stop,30,15,56,40
aug4_3.jpg,320,240,stop,222,165,248,190
aug4_4.jpg,320,240,stop,254,34,281,60
aug4_5.jpg,320,240,stop,251,185,301,232
aug4_6.jpg,320,240,stop,80,102,108,130
aug4_7.jpg,320,240,stop,39,47,93,96
aug4_8.jpg,320,240,stop,176,170,230,222
aug4_9.jpg,320,240,stop,231,52,257,80
aug4_10.jpg,320,240,stop,54,55,88,87
aug4_11.jpg,320,240,stop,137,176,174,208
aug4_12.jpg,320,240,stop,109,49,144,79
aug4_13.jpg,320,240,stop,1,108,38,146
aug4_14.jpg,320,240,stop,247,50,293,92
aug4_15.jpg,320,240,stop,251,190,305,237
aug4_16.jpg,320,240,stop,214,39,273,92
aug4_17.jpg,320,240,stop,161,54,225,113
aug4_18.jpg,320,240,stop,163,171,192,198
aug4_19.jpg,320,240,stop,64,190,93,219
aug4_20.jpg,320,240,stop,160,204,199,239
aug4_21.jpg,320,240,stop,84,55,123,89
aug4_22.jpg,320,240,stop,172,67,203,99
aug4_23.jpg,320,240,stop,93,87,134,122
aug4_24.jpg,320,240,stop,91,129,138,173
aug4_25.jpg,320,240,stop,209,72,259,117
aug4_26.jpg,320,240,stop,40,26,95,75
aug4_27.jpg,320,240,stop,176,65,230,120
aug4_28.jpg,320,240,stop,111,205,146,238
aug4_29.jpg,320,240,stop,12,89,50,122
aug4_30.jpg,320,240,stop,274,201,308,230
aug4_31.jpg,320,240,stop,211,84,238,111
aug4_32.jpg,320,240,stop,57,166,95,202
aug4_33.jpg,320,240,stop,16,86,47,114
aug4_34.jpg,320,240,stop,235,189,283,231
aug4_35.jpg,320,240,stop,129,177,179,220
aug4_36.jpg,320,240,stop,149,88,211,141
aug4_37.jpg,320,240,stop,162,150,208,191
aug4_38.jpg,320,240,stop,58,75,125,137
aug4_39.jpg,320,240,stop,261,194,285,218
aug4_40.jpg,320,240,stop,41,154,91,200
aug4_41.jpg,320,240,stop,51,170,78,195
aug4_42.jpg,320,240,stop,99,150,154,196
aug4_43.jpg,320,240,stop,76,194,106,222
aug4_44.jpg,320,240,stop,172,184,213,219
aug4_45.jpg,320,240,stop,62,168,99,200
aug4_46.jpg,320,240,stop,250,8,281,36
aug4_47.jpg,320,240,stop,154,89,200,129
aug4_48.jpg,320,240,stop,270,89,317,131
aug4_49.jpg,320,240,stop,120,144,170,191
aug4_50.jpg,320,240,stop,64,119,124,172
aug4_51.jpg,320,240,stop,184,4,237,62
aug4_52.jpg,320,240,stop,22,76,56,108
aug4_53.jpg,320,240,stop,240,75,277,108
aug4_54.jpg,320,240,stop,229,201,268,238
aug4_55.jpg,320,240,stop,104,97,129,123
aug4_56.jpg,320,240,stop,195,186,222,213
aug4_57.jpg,320,240,stop,256,132,299,172
aug4_58.jpg,320,240,stop,14,93,46,120
aug4_59.jpg,320,240,stop,77,14,109,41
aug4_60.jpg,320,240,stop,33,37,66,70
aug4_61.jpg,320,240,stop,143,114,178,145
aug4_62.jpg,320,240,stop,9,152,45,185
aug4_63.jpg,320,240,stop,40,73,76,101
aug4_64.jpg,320,240,stop,187,153,221,186
aug4_65.jpg,320,240,stop,162,40,203,78
aug4_66.jpg,320,240,stop,149,113,198,155
aug4_67.jpg,320,240,stop,94,19,147,64
aug4_68.jpg,320,240,stop,190,128,237,172
aug4_69.jpg,320,240,stop,144,38,205,90
aug4_70.jpg,320,240,stop,59,10,121,67
aug4_71.jpg,320,240,stop,191,158,230,192
aug4_72.jpg,320,240,stop,34,31,74,66
aug4_73.jpg,320,240,stop,90,74,132,111
aug4_74.jpg,320,240,stop,101,64,149,106
aug4_75.jpg,320,240,stop,136,87,188,133
aug4_76.jpg,320,240,stop,135,176,185,225
aug4_77.jpg,320,240,stop,105,96,168,153
aug4_78.jpg,320,240,stop,133,41,169,74
aug4_79.jpg,320,240,stop,67,69,103,105
aug4_80.jpg,320,240,stop,39,17,78,54
aug4_81.jpg,320,240,stop,29,201,67,237
aug4_82.jpg,320,240,stop,171,84,206,119
aug4_83.jpg,320,240,stop,133,198,171,239
aug4_84.jpg,320,240,stop,180,134,223,177
aug4_85.jpg,320,240,stop,49,64,101,112
aug4_86.jpg,320,240,stop,99,68,151,117
aug4_87.jpg,320,240,stop,154,5,210,58
aug4_88.jpg,320,240,stop,251,152,315,212
aug4_89.jpg,320,240,stop,13,126,75,190
aug4_90.jpg,320,240,stop,269,137,297,164
aug4_91.jpg,320,240,stop,165,7,205,42
aug4_92.jpg,320,240,stop,228,114,267,151
aug4_93.jpg,320,240,stop,213,193,259,236
aug4_94.jpg,320,240,stop,37,33,87,79
aug4_95.jpg,320,240,stop,265,185,313,235
aug4_96.jpg,320,240,stop,1,176,60,234
aug4_97.jpg,320,240,stop,204,89,255,149
aug4_98.jpg,320,240,stop,237,61,284,100
aug4_99.jpg,320,240,stop,204,177,235,206
aug4_100.jpg,320,240,stop,224,115,251,142
aug4_101.jpg,320,240,stop,71,109,100,138
aug4_102.jpg,320,240,stop,244,162,276,191
aug4_103.jpg,320,240,stop,123,126,157,157
aug4_104.jpg,320,240,stop,267,64,303,96
aug4_105.jpg,320,240,stop,143,167,191,208
aug4_106.jpg,320,240,stop,251,129,303,173
aug4_107.jpg,320,240,stop,108,193,135,218
aug4_108.jpg,320,240,stop,168,112,195,137
aug4_109.jpg,320,240,stop,3,12,33,37
aug4_110.jpg,320,240,stop,266,154,296,180
aug4_111.jpg,320,240,stop,53,185,110,232
aug4_112.jpg,320,240,stop,275,165,301,192
aug4_113.jpg,320,240,stop,262,120,294,149
aug4_114.jpg,320,240,stop,137,116,170,145
aug4_115.jpg,320,240,stop,218,91,252,121
aug4_116.jpg,320,240,stop,249,188,288,222
aug4_117.jpg,320,240,stop,96,128,135,165
aug4_118.jpg,320,240,stop,156,170,197,207
aug4_119.jpg,320,240,stop,183,80,232,121
aug4_120.jpg,320,240,stop,55,157,106,203
aug4_121.jpg,320,240,stop,42,14,103,68
aug4_122.jpg,320,240,stop,199,47,263,103
aug4_123.jpg,320,240,stop,177,182,241,237
aug4_124.jpg,320,240,stop,272,16,304,47
aug4_125.jpg,320,240,stop,288,33,317,60
aug4_126.jpg,320,240,stop,4,47,30,71
aug4_127.jpg,320,240,stop,149,168,176,193
aug4_128.jpg,320,240,stop,71,180,99,205
aug4_129.jpg,320,240,stop,198,85,228,112
aug4_130.jpg,320,240,stop,111,127,141,155
aug4_131.jpg,320,240,stop,236,42,268,71
aug4_132.jpg,320,240,stop,165,120,200,151
aug4_133.jpg,320,240,stop,165,124,199,158
aug4_134.jpg,320,240,stop,28,112,56,140
aug4_135.jpg,320,240,stop,183,32,221,66
aug4_136.jpg,320,240,stop,35,168,75,206
aug4_137.jpg,320,240,stop,261,33,307,78
aug4_138.jpg,320,240,stop,75,182,126,230
aug4_139.jpg,320,240,stop,124,207,157,238
aug4_140.jpg,320,240,stop,202,1,242,37
aug4_141.jpg,320,240,stop,16,150,57,188
aug5_0.jpg,320,240,stop,52,180,95,219
aug5_1.jpg,320,240,stop,194,169,243,211
aug5_2.jpg,320,240,stop,172,52,198,77
aug5_3.jpg,320,240,stop,268,127,294,152
aug5_4.jpg,320,240,stop,100,40,127,66
aug5_5.jpg,320,240,stop,153,179,203,226
aug5_6.jpg,320,240,stop,15,83,43,111
aug5_7.jpg,320,240,stop,188,37,242,86
aug5_8.jpg,320,240,stop,125,37,179,89
aug5_9.jpg,320,240,stop,17,173,43,201
aug5_10.jpg,320,240,stop,279,126,313,158
aug5_11.jpg,320,240,stop,8,122,45,154
aug5_12.jpg,320,240,stop,79,30,114,60
aug5_13.jpg,320,240,stop,237,191,274,229
aug5_14.jpg,320,240,stop,0,5,46,47
aug5_15.jpg,320,240,stop,180,173,234,220
aug5_16.jpg,320,240,stop,71,30,130,83
aug5_17.jpg,320,240,stop,247,169,311,228
aug5_18.jpg,320,240,stop,176,38,205,65
aug5_19.jpg,320,240,stop,161,149,190,178
aug5_20.jpg,320,240,stop,92,10,131,45
aug5_21.jpg,320,240,stop,280,167,319,201
aug5_22.jpg,320,240,stop,249,117,280,149
aug5_23.jpg,320,240,stop,200,148,241,183
aug5_24.jpg,320,240,stop,167,136,214,180
aug5_25.jpg,320,240,stop,217,177,267,222
aug5_26.jpg,320,240,stop,10,77,65,126
aug5_27.jpg,320,240,stop,154,69,208,124
aug5_28.jpg,320,240,stop,53,147,88,180
aug5_29.jpg,320,240,stop,115,66,153,99
aug5_30.jpg,320,240,stop,221,80,255,109
aug5_31.jpg,320,240,stop,201,197,228,224
aug5_32.jpg,320,240,stop,25,108,63,144
aug5_33.jpg,320,240,stop,47,72,78,100
aug5_34.jpg,320,240,stop,177,107,225,149
aug5_35.jpg,320,240,stop,110,96,160,139
aug5_36.jpg,320,240,stop,119,26,181,79
aug5_37.jpg,320,240,stop,264,6,310,47
aug5_38.jpg,320,240,stop,217,23,284,85
aug5_39.jpg,320,240,stop,121,84,145,108
aug5_40.jpg,320,240,stop,74,78,124,124
aug5_41.jpg,320,240,stop,89,0,116,25
aug5_42.jpg,320,240,stop,130,64,185,110
aug5_43.jpg,320,240,stop,284,196,314,224
aug5_44.jpg,320,240,stop,91,57,132,92
aug5_45.jpg,320,240,stop,6,88,43,120
aug5_46.jpg,320,240,stop,127,182,158,210
aug5_47.jpg,320,240,stop,183,50,229,90
aug5_48.jpg,320,240,stop,215,98,262,140
aug5_49.jpg,320,240,stop,140,57,190,104
aug5_50.jpg,320,240,stop,0,141,60,194
aug5_51.jpg,320,240,stop,125,31,178,89
aug5_52.jpg,320,240,stop,63,27,97,59
aug5_53.jpg,320,240,stop,105,151,142,184
aug5_54.jpg,320,240,stop,204,135,243,172
aug5_55.jpg,320,240,stop,169,31,194,57
aug5_56.jpg,320,240,stop,151,152,178,179
aug5_57.jpg,320,240,stop,181,160,224,200
aug5_58.jpg,320,240,stop,31,125,63,152
aug5_59.jpg,320,240,stop,15,127,47,154
aug5_60.jpg,320,240,stop,87,3,120,36
aug5_61.jpg,320,240,stop,134,94,169,125
aug5_62.jpg,320,240,stop,98,6,134,39
aug5_63.jpg,320,240,stop,32,211,68,239
aug5_64.jpg,320,240,stop,126,93,160,126
aug5_65.jpg,320,240,stop,158,140,199,178
aug5_66.jpg,320,240,stop,189,160,238,202
aug5_67.jpg,320,240,stop,15,108,68,153
aug5_68.jpg,320,240,stop,117,54,164,98
aug5_69.jpg,320,240,stop,222,25,283,77
aug5_70.jpg,320,240,stop,248,5,310,62
aug5_71.jpg,320,240,stop,87,160,126,194
aug5_72.jpg,320,240,stop,214,135,254,170
aug5_73.jpg,320,240,stop,261,38,303,75
aug5_74.jpg,320,240,stop,221,176,269,218
aug5_75.jpg,320,240,stop,256,22,308,68
aug5_76.jpg,320,240,stop,26,134,76,183
aug5_77.jpg,320,240,stop,67,25,130,82
aug5_78.jpg,320,240,stop,41,65,77,98
aug5_79.jpg,320,240,stop,141,174,177,210
aug5_80.jpg,320,240,stop,80,79,119,116
aug5_81.jpg,320,240,stop,205,21,243,57
aug5_82.jpg,320,240,stop,4,14,39,49
aug5_83.jpg,320,240,stop,54,6,92,47
aug5_84.jpg,320,240,stop,161,158,204,201
aug5_85.jpg,320,240,stop,123,28,175,76
aug5_86.jpg,320,240,stop,153,55,205,104
aug5_87.jpg,320,240,stop,212,108,268,161
aug5_88.jpg,320,240,stop,147,166,211,226
aug5_89.jpg,320,240,stop,173,38,235,102
aug5_90.jpg,320,240,stop,231,99,259,126
aug5_91.jpg,320,240,stop,265,91,305,126
aug5_92.jpg,320,240,stop,195,71,234,108
aug5_93.jpg,320,240,stop,181,192,227,235
aug5_94.jpg,320,240,stop,131,34,181,80
aug5_95.jpg,320,240,stop,98,127,146,177
aug5_96.jpg,320,240,stop,190,66,249,124
aug5_97.jpg,320,240,stop,105,57,156,117
aug5_98.jpg,320,240,stop,103,183,150,222
aug5_99.jpg,320,240,stop,202,199,233,228
aug5_100.jpg,320,240,stop,197,31,224,58
aug5_101.jpg,320,240,stop,198,6,227,35
aug5_102.jpg,320,240,stop,5,103,37,132
aug5_103.jpg,320,240,stop,72,184,106,215
aug5_104.jpg,320,240,stop,225,110,261,142
aug5_105.jpg,320,240,stop,112,48,160,89
aug5_106.jpg,320,240,stop,170,175,222,219
aug5_107.jpg,320,240,stop,188,70,215,95
aug5_108.jpg,320,240,stop,125,73,152,98
aug5_109.jpg,320,240,stop,245,162,275,187
aug5_110.jpg,320,240,stop,119,57,149,83
aug5_111.jpg,320,240,stop,110,120,167,167
aug5_112.jpg,320,240,stop,25,179,51,206
aug5_113.jpg,320,240,stop,187,124,219,153
aug5_114.jpg,320,240,stop,280,130,313,159
aug5_115.jpg,320,240,stop,110,110,144,140
aug5_116.jpg,320,240,stop,206,82,245,116
aug5_117.jpg,320,240,stop,174,166,213,203
aug5_118.jpg,320,240,stop,238,61,279,98
aug5_119.jpg,320,240,stop,106,197,155,238
aug5_120.jpg,320,240,stop,181,162,232,208
aug5_121.jpg,320,240,stop,46,11,107,65
aug5_122.jpg,320,240,stop,66,119,130,175
aug5_123.jpg,320,240,stop,103,166,167,221
aug5_124.jpg,320,240,stop,202,28,234,59
aug5_125.jpg,320,240,stop,10,104,39,131
aug5_126.jpg,320,240,stop,179,140,205,164
aug5_127.jpg,320,240,stop,59,46,86,71
aug5_128.jpg,320,240,stop,21,156,49,181
aug5_129.jpg,320,240,stop,242,108,272,135
aug5_130.jpg,320,240,stop,242,108,272,136
aug5_131.jpg,320,240,stop,287,77,319,106
aug5_132.jpg,320,240,stop,276,150,311,181
aug5_133.jpg,320,240,stop,140,118,174,152
aug5_134.jpg,320,240,stop,47,26,75,54
aug5_135.jpg,320,240,stop,220,111,258,145
aug5_136.jpg,320,240,stop,78,166,118,204
aug5_137.jpg,320,240,stop,48,99,94,144
aug5_138.jpg,320,240,stop,173,26,224,74
aug5_139.jpg,320,240,stop,241,139,274,170
aug5_140.jpg,320,240,stop,77,7,117,43
aug5_141.jpg,320,240,stop,75,60,116,98
aug6_0.jpg,320,240,stop,77,113,120,152
aug6_1.jpg,320,240,stop,60,190,109,232
aug6_2.jpg,320,240,stop,180,123,206,148
aug6_3.jpg,320,240,stop,165,149,191,174
aug6_4.jpg,320,240,stop,241,139,268,165
aug6_5.jpg,320,240,stop,197,170,247,217
aug6_6.jpg,320,240,stop,239,164,267,192
aug6_7.jpg,320,240,stop,78,13,132,62
aug6_8.jpg,320,240,stop,134,177,188,229
aug6_9.jpg,320,240,stop,189,121,215,149
aug6_10.jpg,320,240,stop,238,78,272,110
aug6_11.jpg,320,240,stop,2,158,39,190
aug6_12.jpg,320,240,stop,232,136,267,166
aug6_13.jpg,320,240,stop,151,123,188,161
aug6_14.jpg,320,240,stop,158,120,204,162
aug6_15.jpg,320,240,stop,75,49,129,96
aug6_16.jpg,320,240,stop,28,19,87,72
aug6_17.jpg,320,240,stop,164,154,228,213
aug6_18.jpg,320,240,stop,265,1,294,28
aug6_19.jpg,320,240,stop,71,120,100,149
aug6_20.jpg,320,240,stop,135,191,174,226
aug6_21.jpg,320,240,stop,188,71,227,105
aug6_22.jpg,320,240,stop,81,61,112,93
aug6_23.jpg,320,240,stop,226,109,267,144
aug6_24.jpg,320,240,stop,180,41,227,85
aug6_25.jpg,320,240,stop,254,89,304,134
aug6_26.jpg,320,240,stop,6,5,61,54
aug6_27.jpg,320,240,stop,240,59,294,114
aug6_28.jpg,320,240,stop,187,169,222,202
aug6_29.jpg,320,240,stop,129,82,167,115
aug6_30.jpg,320,240,stop,143,64,177,93
aug6_31.jpg,320,240,stop,91,72,118,99
aug6_32.jpg,320,240,stop,46,62,84,98
aug6_33.jpg,320,240,stop,1,208,32,236
aug6_34.jpg,320,240,stop,177,56,225,98
aug6_35.jpg,320,240,stop,258,61,308,104
aug6_36.jpg,320,240,stop,148,114,210,167
aug6_37.jpg,320,240,stop,183,80,229,121
aug6_38.jpg,320,240,stop,240,29,307,91
aug6_39.jpg,320,240,stop,122,129,146,153
aug6_40.jpg,320,240,stop,229,137,279,183
aug6_41.jpg,320,240,stop,40,176,67,201
aug6_42.jpg,320,240,stop,155,33,210,79
aug6_43.jpg,320,240,stop,52,119,82,147
aug6_44.jpg,320,240,stop,16,28,57,63
aug6_45.jpg,320,240,stop,197,33,234,65
aug6_46.jpg,320,240,stop,217,33,248,61
aug6_47.jpg,320,240,stop,214,22,260,62
aug6_48.jpg,320,240,stop,20,134,67,176
aug6_49.jpg,320,240,stop,144,7,194,54
aug6_50.jpg,320,240,stop,143,120,203,173
aug6_51.jpg,320,240,stop,228,26,281,84
aug6_52.jpg,320,240,stop,18,81,52,113
aug6_53.jpg,320,240,stop,239,204,276,237
aug6_54.jpg,320,240,stop,19,31,58,68
aug6_55.jpg,320,240,stop,151,81,176,107
aug6_56.jpg,320,240,stop,84,114,111,141
aug6_57.jpg,320,240,stop,147,102,190,142
aug6_58.jpg,320,240,stop,198,75,230,102
aug6_59.jpg,320,240,stop,64,179,96,206
aug6_60.jpg,320,240,stop,223,165,256,198
aug6_61.jpg,320,240,stop,274,5,309,36
aug6_62.jpg,320,240,stop,199,203,235,236
aug6_63.jpg,320,240,stop,121,188,157,216
aug6_64.jpg,320,240,stop,72,97,106,130
aug6_65.jpg,320,240,stop,163,12,204,50
aug6_66.jpg,320,240,stop,268,76,317,118
aug6_67.jpg,320,240,stop,219,194,272,239
aug6_68.jpg,320,240,stop,172,74,219,118
aug6_69.jpg,320,240,stop,236,49,297,101
aug6_70.jpg,320,240,stop,153,116,215,173
aug6_71.jpg,320,240,stop,230,59,269,93
aug6_72.jpg,320,240,stop,16,60,56,95
aug6_73.jpg,320,240,stop,152,10,194,47
aug6_74.jpg,320,240,stop,142,74,190,116
aug6_75.jpg,320,240,stop,46,40,98,86
aug6_76.jpg,320,240,stop,175,120,225,169
aug6_77.jpg,320,240,stop,58,71,121,128
aug6_78.jpg,320,240,stop,105,139,141,172
aug6_79.jpg,320,240,stop,11,200,47,236
aug6_80.jpg,320,240,stop,141,27,180,64
aug6_81.jpg,320,240,stop,17,143,55,179
aug6_82.jpg,320,240,stop,138,62,173,97
aug6_83.jpg,320,240,stop,146,23,184,64
aug6_84.jpg,320,240,stop,70,143,113,186
aug6_85.jpg,320,240,stop,5,161,57,209
aug6_86.jpg,320,240,stop,141,142,193,191
aug6_87.jpg,320,240,stop,189,129,245,182
aug6_88.jpg,320,240,stop,141,89,205,149
aug6_89.jpg,320,240,stop,48,77,110,141
aug6_90.jpg,320,240,stop,147,1,175,28
aug6_91.jpg,320,240,stop,112,139,152,174
aug6_92.jpg,320,240,stop,174,101,213,138
aug6_93.jpg,320,240,stop,89,196,135,239
aug6_94.jpg,320,240,stop,134,185,184,231
aug6_95.jpg,320,240,stop,186,4,234,54
aug6_96.jpg,320,240,stop,3,181,62,239
aug6_97.jpg,320,240,stop,166,33,217,93
aug6_98.jpg,320,240,stop,192,146,239,185
aug6_99.jpg,320,240,stop,95,42,126,71
aug6_100.jpg,320,240,stop,187,111,214,138
aug6_101.jpg,320,240,stop,74,191,103,220
aug6_102.jpg,320,240,stop,6,56,38,85
aug6_103.jpg,320,240,stop,100,7,134,38
aug6_104.jpg,320,240,stop,65,68,101,100
aug6_105.jpg,320,240,stop,198,140,246,181
aug6_106.jpg,320,240,stop,207,113,259,157
aug6_107.jpg,320,240,stop,265,59,292,84
aug6_108.jpg,320,240,stop,33,107,60,132
aug6_109.jpg,320,240,stop,280,19,310,44
aug6_110.jpg,320,240,stop,248,56,278,82
aug6_111.jpg,320,240,stop,170,90,227,137
aug6_112.jpg,320,240,stop,96,159,122,186
aug6_113.jpg,320,240,stop,131,31,163,60
aug6_114.jpg,320,240,stop,218,208,251,237
aug6_115.jpg,320,240,stop,263,97,297,127
aug6_116.jpg,320,240,stop,125,35,164,69
aug6_117.jpg,320,240,stop,37,48,76,85
aug6_118.jpg,320,240,stop,39,31,80,68
aug6_119.jpg,320,240,stop,185,175,234,216
aug6_120.jpg,320,240,stop,40,191,91,237
aug6_121.jpg,320,240,stop,89,132,150,186
aug6_122.jpg,320,240,stop,211,52,275,108
aug6_123.jpg,320,240,stop,55,28,119,83
aug6_124.jpg,320,240,stop,4,145,36,176
aug6_125.jpg,320,240,stop,202,184,231,211
aug6_126.jpg,320,240,stop,171,107,197,131
aug6_127.jpg,320,240,stop,230,23,257,48
aug6_128.jpg,320,240,stop,12,196,40,221
aug6_129.jpg,320,240,stop,289,162,319,189
aug6_130.jpg,320,240,stop,105,122,135,150
aug6_131.jpg,320,240,stop,169,164,201,193
aug6_132.jpg,320,240,stop,33,118,68,149
aug6_133.jpg,320,240,stop,115,60,149,94
aug6_134.jpg,320,240,stop,85,50,113,78
aug6_135.jpg,320,240,stop,36,182,74,216
aug6_136.jpg,320,240,stop,68,189,108,227
aug6_137.jpg,320,240,stop,49,16,95,61
aug6_138.jpg,320,240,stop,128,2,179,50
aug6_139.jpg,320,240,stop,62,24,95,55
aug6_140.jpg,320,240,stop,144,57,184,93
aug6_141.jpg,320,240,stop,175,81,216,119
aug7_0.jpg,320,240,stop,82,23,125,62
aug7_1.jpg,320,240,stop,34,155,83,197
aug7_2.jpg,320,240,stop,245,184,271,209
aug7_3.jpg,320,240,stop,61,158,87,183
aug7_4.jpg,320,240,stop,61,160,88,186
aug7_5.jpg,320,240,stop,167,79,217,126
aug7_6.jpg,320,240,stop,278,63,306,91
aug7_7.jpg,320,240,stop,110,188,164,237
aug7_8.jpg,320,240,stop,151,148,205,200
aug7_9.jpg,320,240,stop,18,124,44,152
aug7_10.jpg,320,240,stop,137,123,171,155
aug7_11.jpg,320,240,stop,142,192,179,224
aug7_12.jpg,320,240,stop,21,42,56,72
aug7_13.jpg,320,240,stop,151,24,188,62
aug7_14.jpg,320,240,stop,209,165,255,207
aug7_15.jpg,320,240,stop,78,125,132,172
aug7_16.jpg,320,240,stop,187,156,246,209
aug7_17.jpg,320,240,stop,98,0,162,59
aug7_18.jpg,320,240,stop,156,197,185,224
aug7_19.jpg,320,240,stop,32,180,61,209
aug7_20.jpg,320,240,stop,105,106,144,141
aug7_21.jpg,320,240,stop,211,188,250,222
aug7_22.jpg,320,240,stop,111,91,142,123
aug7_23.jpg,320,240,stop,122,127,163,162
aug7_24.jpg,320,240,stop,71,24,118,68
aug7_25.jpg,320,240,stop,67,193,117,238
aug7_26.jpg,320,240,stop,182,46,237,95
aug7_27.jpg,320,240,stop,30,55,84,110
aug7_28.jpg,320,240,stop,128,38,163,71
aug7_29.jpg,320,240,stop,38,140,76,173
aug7_30.jpg,320,240,stop,122,198,156,227
aug7_31.jpg,320,240,stop,168,35,195,62
aug7_32.jpg,320,240,stop,146,32,184,68
aug7_33.jpg,320,240,stop,96,144,127,172
aug7_34.jpg,320,240,stop,210,41,258,83
aug7_35.jpg,320,240,stop,119,110,169,153
aug7_36.jpg,320,240,stop,58,63,120,116
aug7_37.jpg,320,240,stop,67,138,113,179
aug7_38.jpg,320,240,stop,95,21,162,83
aug7_39.jpg,320,240,stop,258,158,282,182
aug7_40.jpg,320,240,stop,18,68,68,114
aug7_41.jpg,320,240,stop,216,213,243,238
aug7_42.jpg,320,240,stop,95,168,150,214
aug7_43.jpg,320,240,stop,11,171,41,199
aug7_44.jpg,320,240,stop,126,86,167,121
aug7_45.jpg,320,240,stop,15,59,52,91
aug7_46.jpg,320,240,stop,181,55,212,83
aug7_47.jpg,320,240,stop,41,86,87,126
aug7_48.jpg,320,240,stop,163,15,210,57
aug7_49.jpg,320,240,stop,177,48,227,95
aug7_50.jpg,320,240,stop,20,15,80,68
aug7_51.jpg,320,240,stop,38,119,91,177
aug7_52.jpg,320,240,stop,77,146,111,178
aug7_53.jpg,320,240,stop,263,102,300,135
aug7_54.jpg,320,240,stop,71,201,110,238
aug7_55.jpg,320,240,stop,225,61,250,87
aug7_56.jpg,320,240,stop,97,0,124,27
aug7_57.jpg,320,240,stop,132,45,175,85
aug7_58.jpg,320,240,stop,248,30,280,57
aug7_59.jpg,320,240,stop,205,104,237,131
aug7_60.jpg,320,240,stop,51,96,84,129
aug7_61.jpg,320,240,stop,150,109,185,140
aug7_62.jpg,320,240,stop,81,11,117,44
aug7_63.jpg,320,240,stop,163,6,199,34
aug7_64.jpg,320,240,stop,246,45,280,78
aug7_65.jpg,320,240,stop,198,153,239,191
aug7_66.jpg,320,240,stop,199,181,248,223
aug7_67.jpg,320,240,stop,8,83,61,128
aug7_68.jpg,320,240,stop,248,15,295,59
aug7_69.jpg,320,240,stop,46,19,107,71
aug7_70.jpg,320,240,stop,18,182,80,239
aug7_71.jpg,320,240,stop,44,21,83,55
aug7_72.jpg,320,240,stop,42,71,82,106
aug7_73.jpg,320,240,stop,86,176,128,213
aug7_74.jpg,320,240,stop,178,57,226,99
aug7_75.jpg,320,240,stop,41,73,93,119
aug7_76.jpg,320,240,stop,208,99,258,148
aug7_77.jpg,320,240,stop,75,16,138,73
aug7_78.jpg,320,240,stop,172,73,208,106
aug7_79.jpg,320,240,stop,269,27,305,63
aug7_80.jpg,320,240,stop,155,64,194,101
aug7_81.jpg,320,240,stop,36,129,74,165
aug7_82.jpg,320,240,stop,30,14,65,49
aug7_83.jpg,320,240,stop,81,193,119,234
aug7_84.jpg,320,240,stop,253,81,296,124
aug7_85.jpg,320,240,stop,85,107,137,155
aug7_86.jpg,320,240,stop,78,44,130,93
aug7_87.jpg,320,240,stop,180,79,236,132
aug7_88.jpg,320,240,stop,1,116,65,176
aug7_89.jpg,320,240,stop,30,130,92,194
aug7_90.jpg,320,240,stop,134,99,162,126
aug7_91.jpg,320,240,stop,21,59,61,94
aug7_92.jpg,320,240,stop,272,30,311,67
aug7_93.jpg,320,240,stop,233,180,279,223
aug7_94.jpg,320,240,stop,167,129,217,175
aug7_95.jpg,320,240,stop,130,154,178,204
aug7_96.jpg,320,240,stop,167,165,226,223
aug7_97.jpg,320,240,stop,76,59,127,119
aug7_98.jpg,320,240,stop,38,34,85,73
aug7_99.jpg,320,240,stop,173,195,204,224
aug7_100.jpg,320,240,stop,79,20,106,47
aug7_101.jpg,320,240,stop,10,131,39,160
aug7_102.jpg,320,240,stop,253,50,285,79
aug7_103.jpg,320,240,stop,50,88,84,119
aug7_104.jpg,320,240,stop,111,98,147,130
aug7_105.jpg,320,240,stop,150,137,198,178
aug7_106.jpg,320,240,stop,234,103,286,147
aug7_107.jpg,320,240,stop,213,120,240,145
aug7_108.jpg,320,240,stop,271,129,298,154
aug7_109.jpg,320,240,stop,3,111,33,136
aug7_110.jpg,320,240,stop,133,50,163,76
aug7_111.jpg,320,240,stop,231,31,288,78
aug7_112.jpg,320,240,stop,135,161,161,188
aug7_113.jpg,320,240,stop,126,168,158,197
aug7_114.jpg,320,240,stop,206,68,239,97
aug7_115.jpg,320,240,stop,53,67,87,97
aug7_116.jpg,320,240,stop,191,30,230,64
aug7_117.jpg,320,240,stop,21,25,60,62
aug7_118.jpg,320,240,stop,186,73,227,110
aug7_119.jpg,320,240,stop,88,113,137,154
aug7_120.jpg,320,240,stop,147,191,198,237
aug7_121.jpg,320,240,stop,3,1,64,55
aug7_122.jpg,320,240,stop,154,144,218,200
aug7_123.jpg,320,240,stop,196,134,260,189
aug7_124.jpg,320,240,stop,220,146,252,177
aug7_125.jpg,320,240,stop,256,72,285,99
aug7_126.jpg,320,240,stop,175,92,201,116
aug7_127.jpg,320,240,stop,262,150,289,175
aug7_128.jpg,320,240,stop,42,24,70,49
aug7_129.jpg,320,240,stop,193,48,223,75
aug7_130.jpg,320,240,stop,149,177,179,205
aug7_131.jpg,320,240,stop,179,132,211,161
aug7_132.jpg,320,240,stop,234,178,269,209
aug7_133.jpg,320,240,stop,87,183,121,217
aug7_134.jpg,320,240,stop,115,208,143,236
aug7_135.jpg,320,240,stop,220,73,258,107
aug7_136.jpg,320,240,stop,131,59,171,97
aug7_137.jpg,320,240,stop,255,25,301,70
aug7_138.jpg,320,240,stop,117,132,168,180
aug7_139.jpg,320,240,stop,18,39,51,70
aug7_140.jpg,320,240,stop,152,175,192,211
aug7_141.jpg,320,240,stop,12,168,53,206
aug8_0.jpg,320,240,stop,142,61,185,100
aug8_1.jpg,320,240,stop,203,32,252,74
aug8_2.jpg,320,240,stop,168,155,194,180
aug8_3.jpg,320,240,stop,83,126,109,151
aug8_4.jpg,320,240,stop,100,42,127,68
aug8_5.jpg,320,240,stop,217,22,267,69
aug8_6.jpg,320,240,stop,222,82,250,110
aug8_7.jpg,320,240,stop,225,38,279,87
aug8_8.jpg,320,240,stop,22,5,76,57
aug8_9.jpg,320,240,stop,84,53,110,81
aug8_10.jpg,320,240,stop,123,59,157,91
aug8_11.jpg,320,240,stop,193,164,230,196
aug8_12.jpg,320,240,stop,108,183,143,213
aug8_13.jpg,320,240,stop,230,155,267,193
aug8_14.jpg,320,240,stop,189,163,235,205
aug8_15.jpg,320,240,stop,168,0,222,47
aug8_16.jpg,320,240,stop,42,157,101,210
aug8_17.jpg,320,240,stop,33,77,97,136
aug8_18.jpg,320,240,stop,124,179,153,206
aug8_19.jpg,320,240,stop,266,95,295,124
aug8_20.jpg,320,240,stop,162,138,201,173
aug8_21.jpg,320,240,stop,58,141,97,175
aug8_22.jpg,320,240,stop,89,144,120,176
aug8_23.jpg,320,240,stop,201,130,242,165
aug8_24.jpg,320,240,stop,146,189,193,233
aug8_25.jpg,320,240,stop,259,129,309,174
aug8_26.jpg,320,240,stop,42,105,97,154
aug8_27.jpg,320,240,stop,119,148,173,203
aug8_28.jpg,320,240,stop,151,181,186,214
aug8_29.jpg,320,240,stop,57,57,95,90
aug8_30.jpg,320,240,stop,119,24,153,53
aug8_31.jpg,320,240,stop,190,153,217,180
aug8_32.jpg,320,240,stop,215,15,253,51
aug8_33.jpg,320,240,stop,86,25,117,53
aug8_34.jpg,320,240,stop,152,26,200,68
aug8_35.jpg,320,240,stop,88,27,138,70
aug8_36.jpg,320,240,stop,138,100,200,153
aug8_37.jpg,320,240,stop,234,150,280,191
aug8_38.jpg,320,240,stop,214,53,281,115
aug8_39.jpg,320,240,stop,72,189,96,213
aug8_40.jpg,320,240,stop,146,115,196,161
aug8_41.jpg,320,240,stop,86,105,113,130
aug8_42.jpg,320,240,stop,165,108,220,154
aug8_43.jpg,320,240,stop,95,39,125,67
aug8_44.jpg,320,240,stop,135,185,176,220
aug8_45.jpg,320,240,stop,130,154,167,186
aug8_46.jpg,320,240,stop,213,82,244,110
aug8_47.jpg,320,240,stop,17,192,63,232
aug8_48.jpg,320,240,stop,29,78,76,120
aug8_49.jpg,320,240,stop,140,54,190,101
aug8_50.jpg,320,240,stop,130,63,190,116
aug8_51.jpg,320,240,stop,264,140,317,198
aug8_52.jpg,320,240,stop,112,68,146,100
aug8_53.jpg,320,240,stop,150,134,187,167
aug8_54.jpg,320,240,stop,54,170,93,207
aug8_55.jpg,320,240,stop,51,156,76,182
aug8_56.jpg,320,240,stop,11,77,38,104
aug8_57.jpg,320,240,stop,40,25,83,65
aug8_58.jpg,320,240,stop,150,132,182,159
aug8_59.jpg,320,240,stop,168,204,200,231
aug8_60.jpg,320,240,stop,25,185,58,218
aug8_61.jpg,320,240,stop,126,203,161,234
aug8_62.jpg,320,240,stop,29,175,65,208
aug8_63.jpg,320,240,stop,206,36,242,64
aug8_64.jpg,320,240,stop,115,12,149,45
aug8_65.jpg,320,240,stop,64,62,105,100
aug8_66.jpg,320,240,stop,257,20,306,62
aug8_67.jpg,320,240,stop,10,64,63,109
aug8_68.jpg,320,240,stop,62,78,109,122
aug8_69.jpg,320,240,stop,218,30,279,82
aug8_70.jpg,320,240,stop,76,40,138,97
aug8_71.jpg,320,240,stop,7,162,46,196
aug8_72.jpg,320,240,stop,28,116,68,151
aug8_73.jpg,320,240,stop,145,126,187,163
aug8_74.jpg,320,240,stop,154,192,202,234
aug8_75.jpg,320,240,stop,166,184,218,230
aug8_76.jpg,320,240,stop,221,54,271,103
aug8_77.jpg,320,240,stop,6,94,69,151
aug8_78.jpg,320,240,stop,130,29,166,62
aug8_79.jpg,320,240,stop,84,59,120,95
aug8_80.jpg,320,240,stop,149,55,188,92
aug8_81.jpg,320,240,stop,202,131,240,167
aug8_82.jpg,320,240,stop,262,13,297,48
aug8_83.jpg,320,240,stop,252,28,290,69
aug8_84.jpg,320,240,stop,171,109,214,152
aug8_85.jpg,320,240,stop,81,61,133,109
aug8_86.jpg,320,240,stop,223,185,275,234
aug8_87.jpg,320,240,stop,213,128,269,181
aug8_88.jpg,320,240,stop,58,109,122,169
aug8_89.jpg,320,240,stop,197,172,259,236
aug8_90.jpg,320,240,stop,191,99,219,126
aug8_91.jpg,320,240,stop,147,29,187,64
aug8_92.jpg,320,240,stop,189,12,228,49
aug8_93.jpg,320,240,stop,8,83,54,126
aug8_94.jpg,320,240,stop,0,129,50,175
aug8_95.jpg,320,240,stop,268,75,316,125
aug8_96.jpg,320,240,stop,118,167,177,225
aug8_97.jpg,320,240,stop,196,162,247,222
aug8_98.jpg,320,240,stop,209,167,256,206
aug8_99.jpg,320,240,stop,205,194,236,223
aug8_100.jpg,320,240,stop,35,101,62,128
aug8_101.jpg,320,240,stop,285,145,314,174
aug8_102.jpg,320,240,stop,244,33,276,62
aug8_103.jpg,320,240,stop,106,68,140,99
aug8_104.jpg,320,240,stop,271,74,307,106
aug8_105.jpg,320,240,stop,39,150,87,191
aug8_106.jpg,320,240,stop,160,78,212,122
aug8_107.jpg,320,240,stop,253,79,280,104
aug8_108.jpg,320,240,stop,93,77,120,102
aug8_109.jpg,320,240,stop,269,39,299,64
aug8_110.jpg,320,240,stop,281,189,311,215
aug8_111.jpg,320,240,stop,247,157,304,204
aug8_112.jpg,320,240,stop,23,65,49,92
aug8_113.jpg,320,240,stop,129,18,161,47
aug8_114.jpg,320,240,stop,286,166,319,195
aug8_115.jpg,320,240,stop,53,4,87,34
aug8_116.jpg,320,240,stop,233,192,272,226
aug8_117.jpg,320,240,stop,101,162,140,199
aug8_118.jpg,320,240,stop,14,25,55,62
aug8_119.jpg,320,240,stop,82,38,131,79
aug8_120.jpg,320,240,stop,142,9,193,55
aug8_121.jpg,320,240,stop,127,47,188,101
aug8_122.jpg,320,240,stop,54,35,118,91
aug8_123.jpg,320,240,stop,190,68,254,123
aug8_124.jpg,320,240,stop,169,85,201,116
aug8_125.jpg,320,240,stop,87,137,116,164
aug8_126.jpg,320,240,stop,134,159,160,183
aug8_127.jpg,320,240,stop,173,7,200,32
aug8_128.jpg,320,240,stop,243,24,271,49
aug8_129.jpg,320,240,stop,202,15,232,42
aug8_130.jpg,320,240,stop,55,99,85,127
aug8_131.jpg,320,240,stop,104,48,136,77
aug8_132.jpg,320,240,stop,146,41,181,72
aug8_133.jpg,320,240,stop,245,21,279,55
aug8_134.jpg,320,240,stop,22,82,50,110
aug8_135.jpg,320,240,stop,271,37,309,71
aug8_136.jpg,320,240,stop,197,24,237,62
aug8_137.jpg,320,240,stop,105,67,151,112
aug8_138.jpg,320,240,stop,8,42,59,90
aug8_139.jpg,320,240,stop,267,162,300,193
aug8_140.jpg,320,240,stop,256,136,296,172
aug8_141.jpg,320,240,stop,244,61,285,99
aug9_0.jpg,320,240,stop,174,78,217,117
aug9_1.jpg,320,240,stop,175,23,224,65
aug9_2.jpg,320,240,stop,108,157,134,182
aug9_3.jpg,320,240,stop,63,136,89,161
aug9_4.jpg,320,240,stop,9,171,36,197
aug9_5.jpg,320,240,stop,78,151,128,198
aug9_6.jpg,320,240,stop,171,96,199,124
aug9_7.jpg,320,240,stop,201,2,255,51
aug9_8.jpg,320,240,stop,103,120,157,172
aug9_9.jpg,320,240,stop,246,125,272,153
aug9_10.jpg,320,240,stop,167,204,201,236
aug9_11.jpg,320,240,stop,128,51,165,83
aug9_12.jpg,320,240,stop,253,63,288,93
aug9_13.jpg,320,240,stop,52,113,89,151
aug9_14.jpg,320,240,stop,77,0,123,42
aug9_15.jpg,320,240,stop,185,20,239,67
aug9_16.jpg,320,240,stop,145,132,204,185
aug9_17.jpg,320,240,stop,81,166,145,225
aug9_18.jpg,320,240,stop,261,212,290,239
aug9_19.jpg,320,240,stop,176,142,205,171
aug9_20.jpg,320,240,stop,145,140,184,175
aug9_21.jpg,320,240,stop,221,74,260,108
aug9_22.jpg,320,240,stop,151,191,182,223
aug9_23.jpg,320,240,stop,210,179,251,214
aug9_24.jpg,320,240,stop,84,133,131,177
aug9_25.jpg,320,240,stop,40,28,90,73
aug9_26.jpg,320,240,stop,13,97,68,146
aug9_27.jpg,320,240,stop,51,158,105,213
aug9_28.jpg,320,240,stop,101,13,136,46
aug9_29.jpg,320,240,stop,208,176,246,209
aug9_30.jpg,320,240,stop,12,207,46,236
aug9_31.jpg,320,240,stop,41,1,68,28
aug9_32.jpg,320,240,stop,249,119,287,155
aug9_33.jpg,320,240,stop,101,160,132,188
aug9_34.jpg,320,240,stop,118,125,166,167
aug9_35.jpg,320,240,stop,51,143,101,186
aug9_36.jpg,320,240,stop,162,180,224,233
aug9_37.jpg,320,240,stop,2,42,48,83
aug9_38.jpg,320,240,stop,98,64,165,126
aug9_39.jpg,320,240,stop,50,97,74,121
aug9_40.jpg,320,240,stop,201,121,251,167
aug9_41.jpg,320,240,stop,81,116,108,141
aug9_42.jpg,320,240,stop,11,89,66,135
aug9_43.jpg,320,240,stop,262,171,292,199
aug9_44.jpg,320,240,stop,36,22,77,57
aug9_45.jpg,320,240,stop,170,161,207,193
aug9_46.jpg,320,240,stop,153,127,184,155
aug9_47.jpg,320,240,stop,190,186,236,226
aug9_48.jpg,320,240,stop,208,0,255,42
aug9_49.jpg,320,240,stop,118,162,168,209
aug9_50.jpg,320,240,stop,34,85,94,138
aug9_51.jpg,320,240,stop,38,171,91,229
aug9_52.jpg,320,240,stop,231,158,265,190
aug9_53.jpg,320,240,stop,32,29,69,62
aug9_54.jpg,320,240,stop,185,64,224,101
aug9_55.jpg,320,240,stop,68,123,93,149
aug9_56.jpg,320,240,stop,92,165,119,192
aug9_57.jpg,320,240,stop,254,186,297,226
aug9_58.jpg,320,240,stop,143,115,175,142
aug9_59.jpg,320,240,stop,261,148,293,175
aug9_60.jpg,320,240,stop,124,198,157,231
aug9_61.jpg,320,240,stop,221,104,256,135
aug9_62.jpg,320,240,stop,40,74,76,107
aug9_63.jpg,320,240,stop,172,38,208,66
aug9_64.jpg,320,240,stop,151,99,185,132
aug9_65.jpg,320,240,stop,85,28,126,66
aug9_66.jpg,320,240,stop,50,118,99,160
aug9_67.jpg,320,240,stop,206,154,259,199
aug9_68.jpg,320,240,stop,5,176,52,220
aug9_69.jpg,320,240,stop,53,125,114,177
aug9_70.jpg,320,240,stop,85,127,147,184
aug9_71.jpg,320,240,stop,58,102,97,136
aug9_72.jpg,320,240,stop,200,43,240,78
aug9_73.jpg,320,240,stop,91,151,133,188
aug9_74.jpg,320,240,stop,222,77,270,119
aug9_75.jpg,320,240,stop,25,159,77,205
aug9_76.jpg,320,240,stop,214,121,264,170
aug9_77.jpg,320,240,stop,233,75,296,132
aug9_78.jpg,320,240,stop,31,53,67,86
aug9_79.jpg,320,240,stop,227,59,263,95
aug9_80.jpg,320,240,stop,49,141,88,178
aug9_81.jpg,320,240,stop,24,150,62,186
aug9_82.jpg,320,240,stop,251,172,286,207
aug9_83.jpg,320,240,stop,51,133,89,174
aug9_84.jpg,320,240,stop,254,137,297,180
aug9_85.jpg,320,240,stop,212,91,264,139
aug9_86.jpg,320,240,stop,195,63,247,112
aug9_87.jpg,320,240,stop,71,36,127,89
aug9_88.jpg,320,240,stop,139,29,203,89
aug9_89.jpg,320,240,stop,171,48,233,112
aug9_90.jpg,320,240,stop,83,88,111,115
aug9_91.jpg,320,240,stop,162,34,202,69
aug9_92.jpg,320,240,stop,152,98,191,135
aug9_93.jpg,320,240,stop,36,130,82,173
aug9_94.jpg,320,240,stop,105,8,155,54
aug9_95.jpg,320,240,stop,267,76,315,126
aug9_96.jpg,320,240,stop,3,135,62,193
aug9_97.jpg,320,240,stop,151,159,202,219
aug9_98.jpg,320,240,stop,47,35,94,74
aug9_99.jpg,320,240,stop,87,40,118,69
aug9_100.jpg,320,240,stop,0,188,27,215
aug9_101.jpg,320,240,stop,161,51,190,80
aug9_102.jpg,320,240,stop,249,97,281,126
aug9_103.jpg,320,240,stop,282,184,316,215
aug9_104.jpg,320,240,stop,70,196,106,228
aug9_105.jpg,320,240,stop,258,60,306,101
aug9_106.jpg,320,240,stop,57,127,109,171
aug9_107.jpg,320,240,stop,101,20,128,45
aug9_108.jpg,320,240,stop,64,69,91,94
aug9_109.jpg,320,240,stop,265,75,295,100
aug9_110.jpg,320,240,stop,165,198,195,224
aug9_111.jpg,320,240,stop,84,163,141,210
aug9_112.jpg,320,240,stop,128,27,154,54
aug9_113.jpg,320,240,stop,277,69,309,98
aug9_114.jpg,320,240,stop,70,104,103,133
aug9_115.jpg,320,240,stop,112,118,146,148
aug9_116.jpg,320,240,stop,49,59,88,93
aug9_117.jpg,320,240,stop,112,156,151,193
aug9_118.jpg,320,240,stop,98,27,139,64
aug9_119.jpg,320,240,stop,13,10,62,51
aug9_120.jpg,320,240,stop,96,12,147,58
aug9_121.jpg,320,240,stop,188,167,249,221
aug9_122.jpg,320,240,stop,87,70,151,126
aug9_123.jpg,320,240,stop,37,10,101,65
aug9_124.jpg,320,240,stop,138,185,170,216
aug9_125.jpg,320,240,stop,51,80,80,107
aug9_126.jpg,320,240,stop,191,183,217,207
aug9_127.jpg,320,240,stop,30,24,57,49
aug9_128.jpg,320,240,stop,131,182,159,207
aug9_129.jpg,320,240,stop,99,187,129,214
aug9_130.jpg,320,240,stop,207,59,237,87
aug9_131.jpg,320,240,stop,44,20,76,49
aug9_132.jpg,320,240,stop,219,161,254,192
aug9_133.jpg,320,240,stop,222,162,256,196
aug9_134.jpg,320,240,stop,180,151,208,179
aug9_135.jpg,320,240,stop,275,98,313,132
aug9_136.jpg,320,240,stop,78,134,118,172
aug9_137.jpg,320,240,stop,26,26,72,71
aug9_138.jpg,320,240,stop,6,186,57,234
aug9_139.jpg,320,240,stop,22,204,55,235
aug9_140.jpg,320,240,stop,168,104,208,140
aug9_141.jpg,320,240,stop,167,70,208,108
