aug0_0.jpg,320,240,signed,228,152,275,202
aug0_1.jpg,320,240,signed,49,154,98,206
aug0_2.jpg,320,240,signed,112,0,167,53
aug0_3.jpg,320,240,signed,70,173,124,231
aug0_4.jpg,320,240,signed,60,54,116,115
aug0_5.jpg,320,240,signed,73,95,134,159
aug0_6.jpg,320,240,signed,151,83,213,151
aug0_7.jpg,320,240,signed,232,152,299,217
aug0_8.jpg,320,240,signed,70,35,137,107
aug0_9.jpg,320,240,signed,135,173,186,220
aug0_10.jpg,320,240,signed,215,12,290,94
aug0_11.jpg,320,240,signed,1,97,50,153
aug0_12.jpg,320,240,signed,98,108,151,165
aug0_13.jpg,320,240,signed,192,93,250,153
aug0_14.jpg,320,240,signed,187,93,220,130
aug0_15.jpg,320,240,signed,232,157,270,193
aug0_16.jpg,320,240,signed,248,23,287,57
aug0_17.jpg,320,240,signed,10,33,50,69
aug0_18.jpg,320,240,signed,130,109,167,144
aug0_19.jpg,320,240,signed,55,39,94,76
aug0_20.jpg,320,240,signed,192,78,228,114
aug0_21.jpg,320,240,signed,188,66,224,102
aug0_22.jpg,320,240,signed,18,4,59,42
aug0_23.jpg,320,240,signed,209,129,247,167
aug0_24.jpg,320,240,signed,114,14,152,52
aug0_25.jpg,320,240,signed,204,155,241,185
aug0_26.jpg,320,240,signed,229,198,264,233
aug0_27.jpg,320,240,signed,232,167,266,206
aug0_28.jpg,320,240,signed,14,196,54,234
aug0_29.jpg,320,240,signed,183,71,222,108
aug0_30.jpg,320,240,signed,264,48,302,87
aug0_31.jpg,320,240,signed,73,11,110,53
aug0_32.jpg,320,240,signed,6,27,50,68
aug0_33.jpg,320,240,signed,41,127,78,158
aug0_34.jpg,320,240,signed,12,85,57,127
aug0_35.jpg,320,240,signed,134,161,177,202
aug0_36.jpg,320,240,signed,88,163,144,222
aug0_37.jpg,320,240,signed,199,82,253,136
aug0_38.jpg,320,240,signed,52,68,105,124
aug0_39.jpg,320,240,signed,93,115,152,172
aug0_40.jpg,320,240,signed,36,57,72,89
aug0_41.jpg,320,240,signed,219,82,279,146
aug0_42.jpg,320,240,signed,123,12,184,76
aug0_43.jpg,320,240,signed,236,50,302,121
aug0_44.jpg,320,240,signed,171,130,230,208
aug0_45.jpg,320,240,signed,77,156,141,219
aug0_46.jpg,320,240,signed,59,84,94,117
aug0_47.jpg,320,240,signed,133,82,199,154
aug0_48.jpg,320,240,signed,234,37,268,67
aug0_49.jpg,320,240,signed,184,186,220,219
aug0_50.jpg,320,240,signed,165,75,203,110
aug0_51.jpg,320,240,signed,130,156,167,192
aug0_52.jpg,320,240,signed,120,45,156,81
aug0_53.jpg,320,240,signed,130,62,170,102
aug0_54.jpg,320,240,signed,150,1,189,33
aug0_55.jpg,320,240,signed,11,147,40,178
aug0_56.jpg,320,240,signed,242,44,281,81
aug0_57.jpg,320,240,signed,92,90,137,134
aug0_58.jpg,320,240,signed,80,148,119,191
aug0_59.jpg,320,240,signed,157,47,199,92
aug0_60.jpg,320,240,signed,31,35,73,82
aug0_61.jpg,320,240,signed,79,56,127,107
aug0_62.jpg,320,240,signed,43,18,97,71
aug0_63.jpg,320,240,signed,21,138,82,197
aug0_64.jpg,320,240,signed,42,128,83,166
aug0_65.jpg,320,240,signed,197,111,236,155
aug0_66.jpg,320,240,signed,20,118,70,168
aug0_67.jpg,320,240,signed,53,1,103,46
aug0_68.jpg,320,240,signed,222,169,278,225
aug0_69.jpg,320,240,signed,80,85,154,165
aug0_70.jpg,320,240,signed,18,56,86,138
aug0_71.jpg,320,240,signed,228,182,263,223
aug0_72.jpg,320,240,signed,252,163,296,208
aug0_73.jpg,320,240,signed,19,189,61,233
aug0_74.jpg,320,240,signed,127,77,167,120
aug0_75.jpg,320,240,signed,228,113,266,156
aug0_76.jpg,320,240,signed,126,103,159,136
aug0_77.jpg,320,240,signed,180,145,217,177
aug0_78.jpg,320,240,signed,244,14,282,52
aug0_79.jpg,320,240,signed,145,157,179,190
aug0_80.jpg,320,240,signed,150,7,184,44
aug0_81.jpg,320,240,signed,159,68,193,104
aug0_82.jpg,320,240,signed,112,198,148,238
aug0_83.jpg,320,240,signed,126,127,166,167
aug0_84.jpg,320,240,signed,266,92,300,128
aug0_85.jpg,320,240,signed,108,86,151,127
aug0_86.jpg,320,240,signed,129,18,173,59
aug0_87.jpg,320,240,signed,185,102,227,146
aug0_88.jpg,320,240,signed,279,89,317,118
aug0_89.jpg,320,240,signed,148,88,187,120
aug0_90.jpg,320,240,signed,157,1,193,34
aug0_91.jpg,320,240,signed,276,192,316,228
aug0_92.jpg,320,240,signed,55,17,94,55
aug0_93.jpg,320,240,signed,232,181,275,232
aug0_94.jpg,320,240,signed,198,86,239,120
aug0_95.jpg,320,240,signed,95,157,136,194
aug0_96.jpg,320,240,signed,49,132,91,171
aug0_97.jpg,320,240,signed,208,78,252,116
aug0_98.jpg,320,240,signed,17,129,59,170
aug0_99.jpg,320,240,signed,204,12,247,58
aug0_100.jpg,320,240,signed,81,37,127,84
aug0_101.jpg,320,240,signed,112,64,160,111
aug0_102.jpg,320,240,signed,43,145,92,193
aug1_0.jpg,320,240,signed,95,125,142,175
aug1_1.jpg,320,240,signed,51,10,100,62
aug1_2.jpg,320,240,signed,66,152,121,205
aug1_3.jpg,320,240,signed,189,138,243,196
aug1_4.jpg,320,240,signed,68,115,124,176
aug1_5.jpg,320,240,signed,122,62,183,126
aug1_6.jpg,320,240,signed,22,28,84,96
aug1_7.jpg,320,240,signed,184,43,251,108
aug1_8.jpg,320,240,signed,7,45,74,117
aug1_9.jpg,320,240,signed,242,141,293,188
aug1_10.jpg,320,240,signed,236,47,311,129
aug1_11.jpg,320,240,signed,257,172,306,228
aug1_12.jpg,320,240,signed,3,19,56,76
aug1_13.jpg,320,240,signed,156,80,214,140
aug1_14.jpg,320,240,signed,202,179,235,216
aug1_15.jpg,320,240,signed,22,186,60,222
aug1_16.jpg,320,240,signed,115,140,154,174
aug1_17.jpg,320,240,signed,124,20,164,56
aug1_18.jpg,320,240,signed,5,136,42,171
aug1_19.jpg,320,240,signed,212,103,251,140
aug1_20.jpg,320,240,signed,37,102,73,138
aug1_21.jpg,320,240,signed,8,189,44,225
aug1_22.jpg,320,240,signed,124,170,165,208
aug1_23.jpg,320,240,signed,216,104,254,142
aug1_24.jpg,320,240,signed,218,138,256,176
aug1_25.jpg,320,240,signed,205,54,242,84
aug1_26.jpg,320,240,signed,207,101,242,136
aug1_27.jpg,320,240,signed,238,68,272,107
aug1_28.jpg,320,240,signed,163,137,203,175
aug1_29.jpg,320,240,signed,38,122,77,159
aug1_30.jpg,320,240,signed,223,122,261,161
aug1_31.jpg,320,240,signed,140,56,177,98
aug1_32.jpg,320,240,signed,62,111,106,152
aug1_33.jpg,320,240,signed,227,115,264,146
aug1_34.jpg,320,240,signed,238,139,283,181
aug1_35.jpg,320,240,signed,99,89,142,130
aug1_36.jpg,320,240,signed,1,9,57,68
aug1_37.jpg,320,240,signed,239,138,293,192
aug1_38.jpg,320,240,signed,262,178,315,234
aug1_39.jpg,320,240,signed,1,180,60,237
aug1_40.jpg,320,240,signed,241,132,277,164
aug1_41.jpg,320,240,signed,220,61,280,125
aug1_42.jpg,320,240,signed,75,51,136,115
aug1_43.jpg,320,240,signed,235,68,301,139
aug1_44.jpg,320,240,signed,168,129,227,207
aug1_45.jpg,320,240,signed,111,110,175,173
aug1_46.jpg,320,240,signed,26,67,61,100
aug1_47.jpg,320,240,signed,87,105,153,177
aug1_48.jpg,320,240,signed,121,82,155,112
aug1_49.jpg,320,240,signed,90,30,126,63
aug1_50.jpg,320,240,signed,250,54,288,89
aug1_51.jpg,320,240,signed,149,6,186,42
aug1_52.jpg,320,240,signed,132,192,168,228
aug1_53.jpg,320,240,signed,268,167,308,207
aug1_54.jpg,320,240,signed,90,124,129,156
aug1_55.jpg,320,240,signed,7,179,36,210
aug1_56.jpg,320,240,signed,242,140,281,177
aug1_57.jpg,320,240,signed,5,179,50,223
aug1_58.jpg,320,240,signed,152,194,191,237
aug1_59.jpg,320,240,signed,79,9,121,54
aug1_60.jpg,320,240,signed,131,68,173,115
aug1_61.jpg,320,240,signed,36,20,84,71
aug1_62.jpg,320,240,signed,210,22,264,75
aug1_63.jpg,320,240,signed,20,126,81,185
aug1_64.jpg,320,240,signed,272,0,313,38
aug1_65.jpg,320,240,signed,131,155,170,199
aug1_66.jpg,320,240,signed,178,179,228,229
aug1_67.jpg,320,240,signed,30,86,80,131
aug1_68.jpg,320,240,signed,13,145,69,201
aug1_69.jpg,320,240,signed,208,80,282,160
aug1_70.jpg,320,240,signed,251,62,319,144
aug1_71.jpg,320,240,signed,72,29,107,70
aug1_72.jpg,320,240,signed,218,82,262,127
aug1_73.jpg,320,240,signed,211,180,253,224
aug1_74.jpg,320,240,signed,83,108,123,151
aug1_75.jpg,320,240,signed,105,135,143,178
aug1_76.jpg,320,240,signed,62,97,95,130
aug1_77.jpg,320,240,signed,267,5,304,37
aug1_78.jpg,320,240,signed,270,155,308,193
aug1_79.jpg,320,240,signed,242,141,276,174
aug1_80.jpg,320,240,signed,229,147,263,184
aug1_81.jpg,320,240,signed,129,144,163,180
aug1_82.jpg,320,240,signed,159,73,195,113
aug1_83.jpg,320,240,signed,134,18,174,58
aug1_84.jpg,320,240,signed,127,157,161,193
aug1_85.jpg,320,240,signed,84,0,127,41
aug1_86.jpg,320,240,signed,1,19,45,60
aug1_87.jpg,320,240,signed,209,140,251,184
aug1_88.jpg,320,240,signed,119,48,157,77
aug1_89.jpg,320,240,signed,111,191,150,223
aug1_90.jpg,320,240,signed,122,92,158,125
aug1_91.jpg,320,240,signed,225,27,265,63
aug1_92.jpg,320,240,signed,173,4,212,42
aug1_93.jpg,320,240,signed,265,9,308,60
aug1_94.jpg,320,240,signed,254,180,295,214
aug1_95.jpg,320,240,signed,117,201,158,238
aug1_96.jpg,320,240,signed,95,134,137,173
aug1_97.jpg,320,240,signed,249,8,293,46
aug1_98.jpg,320,240,signed,84,20,126,61
aug1_99.jpg,320,240,signed,178,137,221,183
aug1_100.jpg,320,240,signed,246,192,292,239
aug1_101.jpg,320,240,signed,207,13,255,60
aug1_102.jpg,320,240,signed,25,41,74,89
aug2_0.jpg,320,240,signed,110,183,157,233
aug2_1.jpg,320,240,signed,266,175,315,227
aug2_2.jpg,320,240,signed,22,131,77,184
aug2_3.jpg,320,240,signed,74,59,128,117
aug2_4.jpg,320,240,signed,185,122,241,183
aug2_5.jpg,320,240,signed,175,27,236,91
aug2_6.jpg,320,240,signed,169,6,231,74
aug2_7.jpg,320,240,signed,166,33,233,98
aug2_8.jpg,320,240,signed,209,83,276,155
aug2_9.jpg,320,240,signed,148,136,199,183
aug2_10.jpg,320,240,signed,53,41,128,123
aug2_11.jpg,320,240,signed,229,54,278,110
aug2_12.jpg,320,240,signed,207,12,260,69
aug2_13.jpg,320,240,signed,102,0,160,60
aug2_14.jpg,320,240,signed,214,127,247,164
aug2_15.jpg,320,240,signed,271,157,309,193
aug2_16.jpg,320,240,signed,80,153,119,187
aug2_17.jpg,320,240,signed,221,181,261,217
aug2_18.jpg,320,240,signed,178,8,215,43
aug2_19.jpg,320,240,signed,57,187,96,224
aug2_20.jpg,320,240,signed,218,195,254,231
aug2_21.jpg,320,240,signed,120,153,156,189
aug2_22.jpg,320,240,signed,212,148,253,186
aug2_23.jpg,320,240,signed,59,197,97,235
aug2_24.jpg,320,240,signed,246,120,284,158
aug2_25.jpg,320,240,signed,32,100,69,130
aug2_26.jpg,320,240,signed,163,105,198,140
aug2_27.jpg,320,240,signed,224,150,258,189
aug2_28.jpg,320,240,signed,173,193,213,231
aug2_29.jpg,320,240,signed,222,158,261,195
aug2_30.jpg,320,240,signed,79,7,117,46
aug2_31.jpg,320,240,signed,110,183,147,225
aug2_32.jpg,320,240,signed,39,97,83,138
aug2_33.jpg,320,240,signed,177,113,214,144
aug2_34.jpg,320,240,signed,225,68,270,110
aug2_35.jpg,320,240,signed,61,119,104,160
aug2_36.jpg,320,240,signed,126,32,182,91
aug2_37.jpg,320,240,signed,188,89,242,143
aug2_38.jpg,320,240,signed,74,93,127,149
aug2_39.jpg,320,240,signed,209,70,268,127
aug2_40.jpg,320,240,signed,66,34,102,66
aug2_41.jpg,320,240,signed,217,137,277,201
aug2_42.jpg,320,240,signed,13,69,74,133
aug2_43.jpg,320,240,signed,31,85,97,156
aug2_44.jpg,320,240,signed,97,76,156,154
aug2_45.jpg,320,240,signed,216,27,280,90
aug2_46.jpg,320,240,signed,109,89,144,122
aug2_47.jpg,320,240,signed,224,162,290,234
aug2_48.jpg,320,240,signed,12,126,46,156
aug2_49.jpg,320,240,signed,119,10,155,43
aug2_50.jpg,320,240,signed,18,13,56,48
aug2_51.jpg,320,240,signed,245,23,282,59
aug2_52.jpg,320,240,signed,75,91,111,127
aug2_53.jpg,320,240,signed,237,103,277,143
aug2_54.jpg,320,240,signed,52,148,91,180
aug2_55.jpg,320,240,signed,261,148,290,179
aug2_56.jpg,320,240,signed,269,172,308,209
aug2_57.jpg,320,240,signed,108,163,153,207
aug2_58.jpg,320,240,signed,180,67,219,110
aug2_59.jpg,320,240,signed,261,95,303,140
aug2_60.jpg,320,240,signed,152,187,194,234
aug2_61.jpg,320,240,signed,208,104,256,155
aug2_62.jpg,320,240,signed,265,83,319,136
aug2_63.jpg,320,240,signed,115,132,176,191
aug2_64.jpg,320,240,signed,231,74,272,112
aug2_65.jpg,320,240,signed,23,147,62,191
aug2_66.jpg,320,240,signed,143,182,193,232
aug2_67.jpg,320,240,signed,259,73,309,118
aug2_68.jpg,320,240,signed,94,7,150,63
aug2_69.jpg,320,240,signed,94,45,168,125
aug2_70.jpg,320,240,signed,170,126,238,208
aug2_71.jpg,320,240,signed,213,104,248,145
aug2_72.jpg,320,240,signed,269,146,313,191
aug2_73.jpg,320,240,signed,18,100,60,144
aug2_74.jpg,320,240,signed,197,40,237,83
aug2_75.jpg,320,240,signed,104,36,142,79
aug2_76.jpg,320,240,signed,54,113,87,146
aug2_77.jpg,320,240,signed,131,21,168,53
aug2_78.jpg,320,240,signed,8,32,46,70
aug2_79.jpg,320,240,signed,15,159,49,192
aug2_80.jpg,320,240,signed,138,109,172,146
aug2_81.jpg,320,240,signed,161,201,195,237
aug2_82.jpg,320,240,signed,118,198,154,238
aug2_83.jpg,320,240,signed,37,27,77,67
aug2_84.jpg,320,240,signed,122,179,156,215
aug2_85.jpg,320,240,signed,23,182,66,223
aug2_86.jpg,320,240,signed,87,197,131,238
aug2_87.jpg,320,240,signed,5,178,47,222
aug2_88.jpg,320,240,signed,220,23,258,52
aug2_89.jpg,320,240,signed,49,141,88,173
aug2_90.jpg,320,240,signed,176,34,212,67
aug2_91.jpg,320,240,signed,177,182,217,218
aug2_92.jpg,320,240,signed,216,8,255,46
aug2_93.jpg,320,240,signed,16,96,59,147
aug2_94.jpg,320,240,signed,196,34,237,68
aug2_95.jpg,320,240,signed,24,0,65,37
aug2_96.jpg,320,240,signed,215,82,257,121
aug2_97.jpg,320,240,signed,99,70,143,108
aug2_98.jpg,320,240,signed,266,48,308,89
aug2_99.jpg,320,240,signed,174,18,217,64
aug2_100.jpg,320,240,signed,129,38,175,85
aug2_101.jpg,320,240,signed,125,170,173,217
aug2_102.jpg,320,240,signed,134,23,183,71
aug3_0.jpg,320,240,signed,233,187,280,237
aug3_1.jpg,320,240,signed,256,54,305,106
aug3_2.jpg,320,240,signed,52,45,107,98
aug3_3.jpg,320,240,signed,248,21,302,79
aug3_4.jpg,320,240,signed,111,28,167,89
aug3_5.jpg,320,240,signed,20,42,81,106
aug3_6.jpg,320,240,signed,148,17,210,85
aug3_7.jpg,320,240,signed,188,106,255,171
aug3_8.jpg,320,240,signed,175,31,242,103
aug3_9.jpg,320,240,signed,49,123,100,170
aug3_10.jpg,320,240,signed,58,2,133,84
aug3_11.jpg,320,240,signed,193,44,242,100
aug3_12.jpg,320,240,signed,80,30,133,87
aug3_13.jpg,320,240,signed,183,12,241,72
aug3_14.jpg,320,240,signed,255,66,288,103
aug3_15.jpg,320,240,signed,130,174,168,210
aug3_16.jpg,320,240,signed,129,25,168,59
aug3_17.jpg,320,240,signed,78,164,118,200
aug3_18.jpg,320,240,signed,12,55,49,90
aug3_19.jpg,320,240,signed,219,70,258,107
aug3_20.jpg,320,240,signed,88,133,124,169
aug3_21.jpg,320,240,signed,30,83,66,119
aug3_22.jpg,320,240,signed,4,103,45,141
aug3_23.jpg,320,240,signed,104,186,142,224
aug3_24.jpg,320,240,signed,67,82,105,120
aug3_25.jpg,320,240,signed,87,43,124,73
aug3_26.jpg,320,240,signed,277,180,312,215
aug3_27.jpg,320,240,signed,189,103,223,142
aug3_28.jpg,320,240,signed,18,82,58,120
aug3_29.jpg,320,240,signed,115,80,154,117
aug3_30.jpg,320,240,signed,111,190,149,229
aug3_31.jpg,320,240,signed,103,106,140,148
aug3_32.jpg,320,240,signed,253,12,297,53
aug3_33.jpg,320,240,signed,208,84,245,115
aug3_34.jpg,320,240,signed,62,122,107,164
aug3_35.jpg,320,240,signed,96,26,139,67
aug3_36.jpg,320,240,signed,258,23,314,82
aug3_37.jpg,320,240,signed,249,77,303,131
aug3_38.jpg,320,240,signed,41,68,94,124
aug3_39.jpg,320,240,signed,67,165,126,222
aug3_40.jpg,320,240,signed,74,102,110,134
aug3_41.jpg,320,240,signed,237,70,297,134
aug3_42.jpg,320,240,signed,21,99,82,163
aug3_43.jpg,320,240,signed,54,2,120,73
aug3_44.jpg,320,240,signed,208,48,267,126
aug3_45.jpg,320,240,signed,231,69,295,132
aug3_46.jpg,320,240,signed,72,47,107,80
aug3_47.jpg,320,240,signed,79,38,145,110
aug3_48.jpg,320,240,signed,98,111,132,141
aug3_49.jpg,320,240,signed,31,22,67,55
aug3_50.jpg,320,240,signed,95,72,133,107
aug3_51.jpg,320,240,signed,107,75,144,111
aug3_52.jpg,320,240,signed,9,150,45,186
aug3_53.jpg,320,240,signed,58,194,98,234
aug3_54.jpg,320,240,signed,7,10,46,42
aug3_55.jpg,320,240,signed,213,65,242,96
aug3_56.jpg,320,240,signed,269,42,308,79
aug3_57.jpg,320,240,signed,134,138,179,182
aug3_58.jpg,320,240,signed,94,87,133,130
aug3_59.jpg,320,240,signed,142,167,184,212
aug3_60.jpg,320,240,signed,150,39,192,86
aug3_61.jpg,320,240,signed,55,188,103,239
aug3_62.jpg,320,240,signed,185,129,239,182
aug3_63.jpg,320,240,signed,70,139,131,198
aug3_64.jpg,320,240,signed,236,23,277,61
aug3_65.jpg,320,240,signed,263,107,302,151
aug3_66.jpg,320,240,signed,134,106,184,156
aug3_67.jpg,320,240,signed,44,108,94,153
aug3_68.jpg,320,240,signed,99,35,155,91
aug3_69.jpg,320,240,signed,68,149,142,229
aug3_70.jpg,320,240,signed,221,131,289,213
aug3_71.jpg,320,240,signed,112,157,147,198
aug3_72.jpg,320,240,signed,154,143,198,188
aug3_73.jpg,320,240,signed,78,61,120,105
aug3_74.jpg,320,240,signed,278,70,318,113
aug3_75.jpg,320,240,signed,109,118,147,161
aug3_76.jpg,320,240,signed,160,122,193,155
aug3_77.jpg,320,240,signed,275,99,312,131
aug3_78.jpg,320,240,signed,140,139,178,177
aug3_79.jpg,320,240,signed,135,76,169,109
aug3_80.jpg,320,240,signed,237,118,271,155
aug3_81.jpg,320,240,signed,256,16,290,52
aug3_82.jpg,320,240,signed,236,96,272,136
aug3_83.jpg,320,240,signed,203,27,243,67
aug3_84.jpg,320,240,signed,54,48,88,84
aug3_85.jpg,320,240,signed,218,30,261,71
aug3_86.jpg,320,240,signed,225,125,269,166
aug3_87.jpg,320,240,signed,105,84,147,128
aug3_88.jpg,320,240,signed,177,171,215,200
aug3_89.jpg,320,240,signed,265,49,304,81
aug3_90.jpg,320,240,signed,195,116,231,149
aug3_91.jpg,320,240,signed,149,19,189,55
aug3_92.jpg,320,240,signed,150,79,189,117
aug3_93.jpg,320,240,signed,109,143,152,194
aug3_94.jpg,320,240,signed,3,119,44,153
aug3_95.jpg,320,240,signed,217,88,258,125
aug3_96.jpg,320,240,signed,195,116,237,155
aug3_97.jpg,320,240,signed,197,13,241,51
aug3_98.jpg,320,240,signed,46,108,88,149
aug3_99.jpg,320,240,signed,94,142,137,188
aug3_100.jpg,320,240,signed,150,147,196,194
aug3_101.jpg,320,240,signed,128,14,176,61
aug3_102.jpg,320,240,signed,156,180,205,228
aug4_0.jpg,320,240,signed,89,46,136,96
aug4_1.jpg,320,240,signed,247,168,296,220
aug4_2.jpg,320,240,signed,27,104,82,157
aug4_3.jpg,320,240,signed,187,48,241,106
aug4_4.jpg,320,240,signed,24,26,80,87
aug4_5.jpg,320,240,signed,9,111,70,175
aug4_6.jpg,320,240,signed,242,99,304,167
aug4_7.jpg,320,240,signed,102,172,169,237
aug4_8.jpg,320,240,signed,236,95,303,167
aug4_9.jpg,320,240,signed,230,138,281,185
aug4_10.jpg,320,240,signed,215,97,290,179
aug4_11.jpg,320,240,signed,143,176,192,232
aug4_12.jpg,320,240,signed,127,91,180,148
aug4_13.jpg,320,240,signed,162,80,220,140
aug4_14.jpg,320,240,signed,183,121,216,158
aug4_15.jpg,320,240,signed,235,71,273,107
aug4_16.jpg,320,240,signed,265,16,304,50
aug4_17.jpg,320,240,signed,116,9,156,45
aug4_18.jpg,320,240,signed,57,112,94,147
aug4_19.jpg,320,240,signed,181,1,220,38
aug4_20.jpg,320,240,signed,41,10,77,46
aug4_21.jpg,320,240,signed,116,170,152,206
aug4_22.jpg,320,240,signed,190,103,231,141
aug4_23.jpg,320,240,signed,179,187,217,225
aug4_24.jpg,320,240,signed,190,83,228,121
aug4_25.jpg,320,240,signed,240,170,277,200
aug4_26.jpg,320,240,signed,40,179,75,214
aug4_27.jpg,320,240,signed,6,165,40,204
aug4_28.jpg,320,240,signed,113,155,153,193
aug4_29.jpg,320,240,signed,38,18,77,55
aug4_30.jpg,320,240,signed,72,103,110,142
aug4_31.jpg,320,240,signed,276,81,313,123
aug4_32.jpg,320,240,signed,153,176,197,217
aug4_33.jpg,320,240,signed,119,161,156,192
aug4_34.jpg,320,240,signed,263,79,308,121
aug4_35.jpg,320,240,signed,60,126,103,167
aug4_36.jpg,320,240,signed,226,110,282,169
aug4_37.jpg,320,240,signed,53,183,107,237
aug4_38.jpg,320,240,signed,154,105,207,161
aug4_39.jpg,320,240,signed,252,142,311,199
aug4_40.jpg,320,240,signed,200,16,236,48
aug4_41.jpg,320,240,signed,197,66,257,130
aug4_42.jpg,320,240,signed,109,17,170,81
aug4_43.jpg,320,240,signed,207,54,273,125
aug4_44.jpg,320,240,signed,91,39,150,117
aug4_45.jpg,320,240,signed,17,44,81,107
aug4_46.jpg,320,240,signed,120,61,155,94
aug4_47.jpg,320,240,signed,93,76,159,148
aug4_48.jpg,320,240,signed,260,164,294,194
aug4_49.jpg,320,240,signed,4,121,40,154
aug4_50.jpg,320,240,signed,121,141,159,176
aug4_51.jpg,320,240,signed,249,24,286,60
aug4_52.jpg,320,240,signed,137,197,173,233
aug4_53.jpg,320,240,signed,278,82,318,122
aug4_54.jpg,320,240,signed,68,109,107,141
aug4_55.jpg,320,240,signed,208,145,237,176
aug4_56.jpg,320,240,signed,258,146,297,183
aug4_57.jpg,320,240,signed,226,69,271,113
aug4_58.jpg,320,240,signed,89,5,128,48
aug4_59.jpg,320,240,signed,140,25,182,70
aug4_60.jpg,320,240,signed,109,14,151,61
aug4_61.jpg,320,240,signed,140,152,188,203
aug4_62.jpg,320,240,signed,40,156,94,209
aug4_63.jpg,320,240,signed,127,162,188,221
aug4_64.jpg,320,240,signed,115,121,156,159
aug4_65.jpg,320,240,signed,77,23,116,67
aug4_66.jpg,320,240,signed,202,149,252,199
aug4_67.jpg,320,240,signed,112,105,162,150
aug4_68.jpg,320,240,signed,59,106,115,162
aug4_69.jpg,320,240,signed,65,11,139,91
aug4_70.jpg,320,240,signed,41,119,109,201
aug4_71.jpg,320,240,signed,61,19,96,60
aug4_72.jpg,320,240,signed,76,120,120,165
aug4_73.jpg,320,240,signed,30,25,72,69
aug4_74.jpg,320,240,signed,152,70,192,113
aug4_75.jpg,320,240,signed,245,152,283,195
aug4_76.jpg,320,240,signed,255,74,288,107
aug4_77.jpg,320,240,signed,189,206,226,238
aug4_78.jpg,320,240,signed,254,29,292,67
aug4_79.jpg,320,240,signed,99,152,133,185
aug4_80.jpg,320,240,signed,238,67,272,104
aug4_81.jpg,320,240,signed,45,162,79,198
aug4_82.jpg,320,240,signed,193,48,229,88
aug4_83.jpg,320,240,signed,133,8,173,48
aug4_84.jpg,320,240,signed,202,198,236,234
aug4_85.jpg,320,240,signed,230,53,273,94
aug4_86.jpg,320,240,signed,215,95,259,136
aug4_87.jpg,320,240,signed,159,49,201,93
aug4_88.jpg,320,240,signed,238,78,276,107
aug4_89.jpg,320,240,signed,18,115,57,147
aug4_90.jpg,320,240,signed,193,76,229,109
aug4_91.jpg,320,240,signed,233,190,273,226
aug4_92.jpg,320,240,signed,242,153,281,191
aug4_93.jpg,320,240,signed,24,164,67,215
aug4_94.jpg,320,240,signed,52,32,93,66
aug4_95.jpg,320,240,signed,180,168,221,205
aug4_96.jpg,320,240,signed,131,17,173,56
aug4_97.jpg,320,240,signed,10,175,54,213
aug4_98.jpg,320,240,signed,24,178,66,219
aug4_99.jpg,320,240,signed,16,26,59,72
aug4_100.jpg,320,240,signed,185,113,231,160
aug4_101.jpg,320,240,signed,56,4,104,51
aug4_102.jpg,320,240,signed,130,56,179,104
aug5_0.jpg,320,240,signed,234,155,281,205
aug5_1.jpg,320,240,signed,244,89,293,141
aug5_2.jpg,320,240,signed,15,180,70,233
aug5_3.jpg,320,240,signed,249,112,303,170
aug5_4.jpg,320,240,signed,211,110,267,171
aug5_5.jpg,320,240,signed,217,89,278,153
aug5_6.jpg,320,240,signed,108,58,170,126
aug5_7.jpg,320,240,signed,225,69,292,134
aug5_8.jpg,320,240,signed,115,81,182,153
aug5_9.jpg,320,240,signed,106,76,157,123
aug5_10.jpg,320,240,signed,122,141,197,223
aug5_11.jpg,320,240,signed,230,72,279,128
aug5_12.jpg,320,240,signed,236,78,289,135
aug5_13.jpg,320,240,signed,179,121,237,181
aug5_14.jpg,320,240,signed,97,164,130,201
aug5_15.jpg,320,240,signed,84,162,122,198
aug5_16.jpg,320,240,signed,73,102,112,136
aug5_17.jpg,320,240,signed,60,148,100,184
aug5_18.jpg,320,240,signed,83,53,120,88
aug5_19.jpg,320,240,signed,131,53,170,90
aug5_20.jpg,320,240,signed,217,183,253,219
aug5_21.jpg,320,240,signed,53,88,89,124
aug5_22.jpg,320,240,signed,204,150,245,188
aug5_23.jpg,320,240,signed,130,62,168,100
aug5_24.jpg,320,240,signed,96,104,134,142
aug5_25.jpg,320,240,signed,265,157,302,187
aug5_26.jpg,320,240,signed,134,165,169,200
aug5_27.jpg,320,240,signed,143,36,177,75
aug5_28.jpg,320,240,signed,167,62,207,100
aug5_29.jpg,320,240,signed,33,158,72,195
aug5_30.jpg,320,240,signed,132,169,170,208
aug5_31.jpg,320,240,signed,86,169,123,211
aug5_32.jpg,320,240,signed,11,62,55,103
aug5_33.jpg,320,240,signed,27,99,64,130
aug5_34.jpg,320,240,signed,155,121,200,163
aug5_35.jpg,320,240,signed,1,119,44,160
aug5_36.jpg,320,240,signed,16,1,72,60
aug5_37.jpg,320,240,signed,262,2,316,56
aug5_38.jpg,320,240,signed,210,133,263,189
aug5_39.jpg,320,240,signed,26,91,85,148
aug5_40.jpg,320,240,signed,224,102,260,134
aug5_41.jpg,320,240,signed,52,101,112,165
aug5_42.jpg,320,240,signed,89,154,150,218
aug5_43.jpg,320,240,signed,148,84,214,155
aug5_44.jpg,320,240,signed,35,129,94,207
aug5_45.jpg,320,240,signed,132,158,196,221
aug5_46.jpg,320,240,signed,137,187,172,220
aug5_47.jpg,320,240,signed,105,23,171,95
aug5_48.jpg,320,240,signed,264,129,298,159
aug5_49.jpg,320,240,signed,95,177,131,210
aug5_50.jpg,320,240,signed,185,83,223,118
aug5_51.jpg,320,240,signed,126,191,163,227
aug5_52.jpg,320,240,signed,247,22,283,58
aug5_53.jpg,320,240,signed,262,7,302,47
aug5_54.jpg,320,240,signed,238,158,277,190
aug5_55.jpg,320,240,signed,34,19,63,50
aug5_56.jpg,320,240,signed,229,15,268,52
aug5_57.jpg,320,240,signed,122,40,167,84
aug5_58.jpg,320,240,signed,88,94,127,137
aug5_59.jpg,320,240,signed,134,11,176,56
aug5_60.jpg,320,240,signed,138,148,180,195
aug5_61.jpg,320,240,signed,214,65,262,116
aug5_62.jpg,320,240,signed,21,105,75,158
aug5_63.jpg,320,240,signed,233,176,294,235
aug5_64.jpg,320,240,signed,171,6,212,44
aug5_65.jpg,320,240,signed,249,191,288,235
aug5_66.jpg,320,240,signed,252,78,302,128
aug5_67.jpg,320,240,signed,172,192,222,237
aug5_68.jpg,320,240,signed,198,70,254,126
aug5_69.jpg,320,240,signed,98,123,172,203
aug5_70.jpg,320,240,signed,37,73,105,155
aug5_71.jpg,320,240,signed,22,154,57,195
aug5_72.jpg,320,240,signed,168,151,212,196
aug5_73.jpg,320,240,signed,25,42,67,86
aug5_74.jpg,320,240,signed,108,125,148,168
aug5_75.jpg,320,240,signed,145,132,183,175
aug5_76.jpg,320,240,signed,175,78,208,111
aug5_77.jpg,320,240,signed,18,11,55,43
aug5_78.jpg,320,240,signed,184,140,222,178
aug5_79.jpg,320,240,signed,147,90,181,123
aug5_80.jpg,320,240,signed,12,27,46,64
aug5_81.jpg,320,240,signed,72,11,106,47
aug5_82.jpg,320,240,signed,269,124,305,164
aug5_83.jpg,320,240,signed,96,42,136,82
aug5_84.jpg,320,240,signed,251,148,285,184
aug5_85.jpg,320,240,signed,198,49,241,90
aug5_86.jpg,320,240,signed,253,198,297,239
aug5_87.jpg,320,240,signed,15,104,57,148
aug5_88.jpg,320,240,signed,119,61,157,90
aug5_89.jpg,320,240,signed,242,85,281,117
aug5_90.jpg,320,240,signed,59,68,95,101
aug5_91.jpg,320,240,signed,76,33,116,69
aug5_92.jpg,320,240,signed,51,63,90,101
aug5_93.jpg,320,240,signed,271,69,314,120
aug5_94.jpg,320,240,signed,135,99,176,133
aug5_95.jpg,320,240,signed,174,0,215,37
aug5_96.jpg,320,240,signed,45,3,87,42
aug5_97.jpg,320,240,signed,91,125,135,163
aug5_98.jpg,320,240,signed,148,158,190,199
aug5_99.jpg,320,240,signed,222,66,265,112
aug5_100.jpg,320,240,signed,46,183,92,230
aug5_101.jpg,320,240,signed,138,17,186,64
aug5_102.jpg,320,240,signed,218,71,267,119
aug6_0.jpg,320,240,signed,150,158,197,208
aug6_1.jpg,320,240,signed,241,98,290,150
aug6_2.jpg,320,240,signed,36,33,91,86
aug6_3.jpg,320,240,signed,2,102,56,160
aug6_4.jpg,320,240,signed,192,55,248,116
aug6_5.jpg,320,240,signed,138,4,199,68
aug6_6.jpg,320,240,signed,230,90,292,158
aug6_7.jpg,320,240,signed,177,105,244,170
aug6_8.jpg,320,240,signed,162,19,229,91
aug6_9.jpg,320,240,signed,211,150,262,197
aug6_10.jpg,320,240,signed,74,35,149,117
aug6_11.jpg,320,240,signed,205,62,254,118
aug6_12.jpg,320,240,signed,29,111,82,168
aug6_13.jpg,320,240,signed,74,109,132,169
aug6_14.jpg,320,240,signed,137,96,170,133
aug6_15.jpg,320,240,signed,140,137,178,173
aug6_16.jpg,320,240,signed,241,186,280,220
aug6_17.jpg,320,240,signed,226,174,266,210
aug6_18.jpg,320,240,signed,190,151,227,186
aug6_19.jpg,320,240,signed,201,104,240,141
aug6_20.jpg,320,240,signed,227,43,263,79
aug6_21.jpg,320,240,signed,127,101,163,137
aug6_22.jpg,320,240,signed,4,4,45,42
aug6_23.jpg,320,240,signed,59,7,97,45
aug6_24.jpg,320,240,signed,122,59,160,97
aug6_25.jpg,320,240,signed,177,186,214,216
aug6_26.jpg,320,240,signed,277,176,312,211
aug6_27.jpg,320,240,signed,225,62,259,101
aug6_28.jpg,320,240,signed,120,179,160,217
aug6_29.jpg,320,240,signed,29,66,68,103
aug6_30.jpg,320,240,signed,20,50,58,89
aug6_31.jpg,320,240,signed,264,194,301,236
aug6_32.jpg,320,240,signed,145,83,189,124
aug6_33.jpg,320,240,signed,192,71,229,102
aug6_34.jpg,320,240,signed,159,21,204,63
aug6_35.jpg,320,240,signed,149,40,192,81
aug6_36.jpg,320,240,signed,196,180,252,239
aug6_37.jpg,320,240,signed,111,154,165,208
aug6_38.jpg,320,240,signed,154,173,207,229
aug6_39.jpg,320,240,signed,221,92,280,149
aug6_40.jpg,320,240,signed,18,179,54,211
aug6_41.jpg,320,240,signed,209,26,269,90
aug6_42.jpg,320,240,signed,249,107,310,171
aug6_43.jpg,320,240,signed,217,108,283,179
aug6_44.jpg,320,240,signed,90,18,149,96
aug6_45.jpg,320,240,signed,31,45,95,108
aug6_46.jpg,320,240,signed,252,110,287,143
aug6_47.jpg,320,240,signed,53,131,119,203
aug6_48.jpg,320,240,signed,86,74,120,104
aug6_49.jpg,320,240,signed,131,197,167,230
aug6_50.jpg,320,240,signed,96,23,134,58
aug6_51.jpg,320,240,signed,278,1,315,37
aug6_52.jpg,320,240,signed,131,185,167,221
aug6_53.jpg,320,240,signed,88,12,128,52
aug6_54.jpg,320,240,signed,134,112,173,144
aug6_55.jpg,320,240,signed,270,146,299,177
aug6_56.jpg,320,240,signed,52,21,91,58
aug6_57.jpg,320,240,signed,83,124,128,168
aug6_58.jpg,320,240,signed,72,166,111,209
aug6_59.jpg,320,240,signed,7,147,49,192
aug6_60.jpg,320,240,signed,257,158,299,205
aug6_61.jpg,320,240,signed,152,146,200,197
aug6_62.jpg,320,240,signed,84,159,138,212
aug6_63.jpg,320,240,signed,121,34,182,93
aug6_64.jpg,320,240,signed,191,160,232,198
aug6_65.jpg,320,240,signed,225,32,264,76
aug6_66.jpg,320,240,signed,229,160,279,210
aug6_67.jpg,320,240,signed,27,86,77,131
aug6_68.jpg,320,240,signed,21,42,77,98
aug6_69.jpg,320,240,signed,102,119,176,199
aug6_70.jpg,320,240,signed,167,24,235,106
aug6_71.jpg,320,240,signed,174,127,209,168
aug6_72.jpg,320,240,signed,204,21,248,66
aug6_73.jpg,320,240,signed,206,9,248,53
aug6_74.jpg,320,240,signed,163,153,203,196
aug6_75.jpg,320,240,signed,39,152,77,195
aug6_76.jpg,320,240,signed,48,128,81,161
aug6_77.jpg,320,240,signed,94,127,131,159
aug6_78.jpg,320,240,signed,190,73,228,111
aug6_79.jpg,320,240,signed,63,102,97,135
aug6_80.jpg,320,240,signed,40,53,74,90
aug6_81.jpg,320,240,signed,178,4,212,40
aug6_82.jpg,320,240,signed,224,165,260,205
aug6_83.jpg,320,240,signed,137,146,177,186
aug6_84.jpg,320,240,signed,26,175,60,211
aug6_85.jpg,320,240,signed,208,180,251,221
aug6_86.jpg,320,240,signed,199,25,243,66
aug6_87.jpg,320,240,signed,57,63,99,107
aug6_88.jpg,320,240,signed,30,194,68,223
aug6_89.jpg,320,240,signed,134,144,173,176
aug6_90.jpg,320,240,signed,185,88,221,121
aug6_91.jpg,320,240,signed,14,168,54,204
aug6_92.jpg,320,240,signed,277,118,316,156
aug6_93.jpg,320,240,signed,199,165,242,216
aug6_94.jpg,320,240,signed,128,67,169,101
aug6_95.jpg,320,240,signed,270,100,311,137
aug6_96.jpg,320,240,signed,216,98,258,137
aug6_97.jpg,320,240,signed,219,25,263,63
aug6_98.jpg,320,240,signed,240,182,282,223
aug6_99.jpg,320,240,signed,100,84,143,130
aug6_100.jpg,320,240,signed,138,151,184,198
aug6_101.jpg,320,240,signed,228,166,276,213
aug6_102.jpg,320,240,signed,209,68,258,116
aug7_0.jpg,320,240,signed,3,94,50,144
aug7_1.jpg,320,240,signed,11,68,60,120
aug7_2.jpg,320,240,signed,233,182,288,235
aug7_3.jpg,320,240,signed,42,121,96,179
aug7_4.jpg,320,240,signed,37,68,93,129
aug7_5.jpg,320,240,signed,216,149,277,213
aug7_6.jpg,320,240,signed,160,19,222,87
aug7_7.jpg,320,240,signed,90,130,157,195
aug7_8.jpg,320,240,signed,193,132,260,204
aug7_9.jpg,320,240,signed,133,37,184,84
aug7_10.jpg,320,240,signed,187,0,262,82
aug7_11.jpg,320,240,signed,149,152,198,208
aug7_12.jpg,320,240,signed,109,67,162,124
aug7_13.jpg,320,240,signed,78,130,136,190
aug7_14.jpg,320,240,signed,150,180,183,217
aug7_15.jpg,320,240,signed,174,160,212,196
aug7_16.jpg,320,240,signed,16,23,55,57
aug7_17.jpg,320,240,signed,44,57,84,93
aug7_18.jpg,320,240,signed,103,181,140,216
aug7_19.jpg,320,240,signed,94,157,133,194
aug7_20.jpg,320,240,signed,62,114,98,150
aug7_21.jpg,320,240,signed,97,132,133,168
aug7_22.jpg,320,240,signed,258,52,299,90
aug7_23.jpg,320,240,signed,87,118,125,156
aug7_24.jpg,320,240,signed,61,97,99,135
aug7_25.jpg,320,240,signed,181,102,218,132
aug7_26.jpg,320,240,signed,67,78,102,113
aug7_27.jpg,320,240,signed,5,38,39,77
aug7_28.jpg,320,240,signed,127,54,167,92
aug7_29.jpg,320,240,signed,35,167,74,204
aug7_30.jpg,320,240,signed,216,2,254,41
aug7_31.jpg,320,240,signed,192,21,229,63
aug7_32.jpg,320,240,signed,55,65,99,106
aug7_33.jpg,320,240,signed,187,165,224,196
aug7_34.jpg,320,240,signed,70,144,115,186
aug7_35.jpg,320,240,signed,22,151,65,192
aug7_36.jpg,320,240,signed,255,74,311,133
aug7_37.jpg,320,240,signed,25,24,79,78
aug7_38.jpg,320,240,signed,5,84,58,140
aug7_39.jpg,320,240,signed,248,135,307,192
aug7_40.jpg,320,240,signed,219,10,255,42
aug7_41.jpg,320,240,signed,67,28,127,92
aug7_42.jpg,320,240,signed,39,100,100,164
aug7_43.jpg,320,240,signed,43,82,109,153
aug7_44.jpg,320,240,signed,221,45,280,123
aug7_45.jpg,320,240,signed,227,79,291,142
aug7_46.jpg,320,240,signed,155,85,190,118
aug7_47.jpg,320,240,signed,157,59,223,131
aug7_48.jpg,320,240,signed,9,182,43,212
aug7_49.jpg,320,240,signed,135,158,171,191
aug7_50.jpg,320,240,signed,71,159,109,194
aug7_51.jpg,320,240,signed,175,189,212,225
aug7_52.jpg,320,240,signed,130,37,166,73
aug7_53.jpg,320,240,signed,205,76,245,116
aug7_54.jpg,320,240,signed,255,75,294,107
aug7_55.jpg,320,240,signed,284,200,313,231
aug7_56.jpg,320,240,signed,140,17,179,54
aug7_57.jpg,320,240,signed,9,177,54,221
aug7_58.jpg,320,240,signed,177,91,216,134
aug7_59.jpg,320,240,signed,171,146,213,191
aug7_60.jpg,320,240,signed,147,95,189,142
aug7_61.jpg,320,240,signed,97,19,145,70
aug7_62.jpg,320,240,signed,134,87,188,140
aug7_63.jpg,320,240,signed,141,4,202,63
aug7_64.jpg,320,240,signed,256,35,297,73
aug7_65.jpg,320,240,signed,251,6,290,50
aug7_66.jpg,320,240,signed,155,181,205,231
aug7_67.jpg,320,240,signed,151,46,201,91
aug7_68.jpg,320,240,signed,87,134,143,190
aug7_69.jpg,320,240,signed,232,90,306,170
aug7_70.jpg,320,240,signed,222,124,290,206
aug7_71.jpg,320,240,signed,200,87,235,128
aug7_72.jpg,320,240,signed,15,179,59,224
aug7_73.jpg,320,240,signed,268,16,310,60
aug7_74.jpg,320,240,signed,277,152,317,195
aug7_75.jpg,320,240,signed,195,79,233,122
aug7_76.jpg,320,240,signed,126,70,159,103
aug7_77.jpg,320,240,signed,70,179,107,211
aug7_78.jpg,320,240,signed,17,106,55,144
aug7_79.jpg,320,240,signed,55,67,89,100
aug7_80.jpg,320,240,signed,65,24,99,61
aug7_81.jpg,320,240,signed,155,112,189,148
aug7_82.jpg,320,240,signed,61,95,97,135
aug7_83.jpg,320,240,signed,39,121,79,161
aug7_84.jpg,320,240,signed,175,149,209,185
aug7_85.jpg,320,240,signed,120,87,163,128
aug7_86.jpg,320,240,signed,141,143,185,184
aug7_87.jpg,320,240,signed,160,139,202,183
aug7_88.jpg,320,240,signed,91,167,129,196
aug7_89.jpg,320,240,signed,99,180,138,212
aug7_90.jpg,320,240,signed,140,120,176,153
aug7_91.jpg,320,240,signed,217,27,257,63
aug7_92.jpg,320,240,signed,66,128,105,166
aug7_93.jpg,320,240,signed,81,157,124,208
aug7_94.jpg,320,240,signed,112,182,153,216
aug7_95.jpg,320,240,signed,120,118,161,155
aug7_96.jpg,320,240,signed,122,125,164,164
aug7_97.jpg,320,240,signed,184,18,228,56
aug7_98.jpg,320,240,signed,232,145,274,186
aug7_99.jpg,320,240,signed,179,104,222,150
aug7_100.jpg,320,240,signed,31,186,77,233
aug7_101.jpg,320,240,signed,264,27,312,74
aug7_102.jpg,320,240,signed,146,157,195,205
aug8_0.jpg,320,240,signed,185,15,232,65
aug8_1.jpg,320,240,signed,28,94,77,146
aug8_2.jpg,320,240,signed,56,49,111,102
aug8_3.jpg,320,240,signed,19,61,73,119
aug8_4.jpg,320,240,signed,242,161,298,222
aug8_5.jpg,320,240,signed,231,23,292,87
aug8_6.jpg,320,240,signed,127,132,189,200
aug8_7.jpg,320,240,signed,24,5,91,70
aug8_8.jpg,320,240,signed,211,80,278,152
aug8_9.jpg,320,240,signed,263,93,314,140
aug8_10.jpg,320,240,signed,66,22,141,104
aug8_11.jpg,320,240,signed,254,70,303,126
aug8_12.jpg,320,240,signed,83,12,136,69
aug8_13.jpg,320,240,signed,188,116,246,176
aug8_14.jpg,320,240,signed,217,98,250,135
aug8_15.jpg,320,240,signed,108,53,146,89
aug8_16.jpg,320,240,signed,115,81,154,115
aug8_17.jpg,320,240,signed,204,197,244,233
aug8_18.jpg,320,240,signed,46,128,83,163
aug8_19.jpg,320,240,signed,212,39,251,76
aug8_20.jpg,320,240,signed,26,169,62,205
aug8_21.jpg,320,240,signed,248,152,284,188
aug8_22.jpg,320,240,signed,104,50,145,88
aug8_23.jpg,320,240,signed,202,81,240,119
aug8_24.jpg,320,240,signed,15,71,53,109
aug8_25.jpg,320,240,signed,56,142,93,172
aug8_26.jpg,320,240,signed,88,176,123,211
aug8_27.jpg,320,240,signed,272,29,306,68
aug8_28.jpg,320,240,signed,201,93,241,131
aug8_29.jpg,320,240,signed,119,179,158,216
aug8_30.jpg,320,240,signed,142,154,180,193
aug8_31.jpg,320,240,signed,101,60,138,102
aug8_32.jpg,320,240,signed,124,34,168,75
aug8_33.jpg,320,240,signed,50,164,87,195
aug8_34.jpg,320,240,signed,16,157,61,199
aug8_35.jpg,320,240,signed,180,122,223,163
aug8_36.jpg,320,240,signed,12,23,68,82
aug8_37.jpg,320,240,signed,201,169,255,223
aug8_38.jpg,320,240,signed,30,116,83,172
aug8_39.jpg,320,240,signed,70,167,129,224
aug8_40.jpg,320,240,signed,42,45,78,77
aug8_41.jpg,320,240,signed,146,2,206,66
aug8_42.jpg,320,240,signed,56,46,117,110
aug8_43.jpg,320,240,signed,73,137,139,208
aug8_44.jpg,320,240,signed,94,23,153,101
aug8_45.jpg,320,240,signed,37,88,101,151
aug8_46.jpg,320,240,signed,17,203,52,236
aug8_47.jpg,320,240,signed,22,153,88,225
aug8_48.jpg,320,240,signed,223,57,257,87
aug8_49.jpg,320,240,signed,124,108,160,141
aug8_50.jpg,320,240,signed,143,49,181,84
aug8_51.jpg,320,240,signed,18,119,55,155
aug8_52.jpg,320,240,signed,253,138,289,174
aug8_53.jpg,320,240,signed,251,32,291,72
aug8_54.jpg,320,240,signed,266,41,305,73
aug8_55.jpg,320,240,signed,124,99,153,130
aug8_56.jpg,320,240,signed,138,85,177,122
aug8_57.jpg,320,240,signed,221,190,266,234
aug8_58.jpg,320,240,signed,103,1,142,44
aug8_59.jpg,320,240,signed,221,90,263,135
aug8_60.jpg,320,240,signed,205,120,247,167
aug8_61.jpg,320,240,signed,177,147,225,198
aug8_62.jpg,320,240,signed,115,5,169,58
aug8_63.jpg,320,240,signed,100,140,161,199
aug8_64.jpg,320,240,signed,73,161,114,199
aug8_65.jpg,320,240,signed,257,109,296,153
aug8_66.jpg,320,240,signed,116,42,166,92
aug8_67.jpg,320,240,signed,59,87,109,132
aug8_68.jpg,320,240,signed,166,31,222,87
aug8_69.jpg,320,240,signed,180,74,254,154
aug8_70.jpg,320,240,signed,222,46,290,128
aug8_71.jpg,320,240,signed,218,143,253,184
aug8_72.jpg,320,240,signed,115,131,159,176
aug8_73.jpg,320,240,signed,163,192,205,236
aug8_74.jpg,320,240,signed,218,137,258,180
aug8_75.jpg,320,240,signed,112,120,150,163
aug8_76.jpg,320,240,signed,21,41,54,74
aug8_77.jpg,320,240,signed,222,192,259,224
aug8_78.jpg,320,240,signed,134,91,172,129
aug8_79.jpg,320,240,signed,269,80,303,113
aug8_80.jpg,320,240,signed,147,57,181,94
aug8_81.jpg,320,240,signed,261,90,295,126
aug8_82.jpg,320,240,signed,155,83,191,123
aug8_83.jpg,320,240,signed,197,58,237,98
aug8_84.jpg,320,240,signed,2,11,36,47
aug8_85.jpg,320,240,signed,20,71,63,112
aug8_86.jpg,320,240,signed,143,94,187,135
aug8_87.jpg,320,240,signed,171,139,213,183
aug8_88.jpg,320,240,signed,72,170,110,199
aug8_89.jpg,320,240,signed,56,30,95,62
aug8_90.jpg,320,240,signed,158,93,194,126
aug8_91.jpg,320,240,signed,160,101,200,137
aug8_92.jpg,320,240,signed,206,9,245,47
aug8_93.jpg,320,240,signed,175,21,218,72
aug8_94.jpg,320,240,signed,27,131,68,165
aug8_95.jpg,320,240,signed,243,152,284,189
aug8_96.jpg,320,240,signed,203,115,245,154
aug8_97.jpg,320,240,signed,251,139,295,177
aug8_98.jpg,320,240,signed,55,198,97,239
aug8_99.jpg,320,240,signed,175,31,218,77
aug8_100.jpg,320,240,signed,203,25,249,72
aug8_101.jpg,320,240,signed,185,78,233,125
aug8_102.jpg,320,240,signed,252,67,301,115
aug9_0.jpg,320,240,signed,270,31,317,81
aug9_1.jpg,320,240,signed,23,115,72,167
aug9_2.jpg,320,240,signed,195,116,250,169
aug9_3.jpg,320,240,signed,171,13,225,71
aug9_4.jpg,320,240,signed,196,47,252,108
aug9_5.jpg,320,240,signed,68,101,129,165
aug9_6.jpg,320,240,signed,172,143,234,211
aug9_7.jpg,320,240,signed,189,5,256,70
aug9_8.jpg,320,240,signed,252,90,319,162
aug9_9.jpg,320,240,signed,24,49,75,96
aug9_10.jpg,320,240,signed,73,11,148,93
aug9_11.jpg,320,240,signed,32,31,81,87
aug9_12.jpg,320,240,signed,263,0,316,57
aug9_13.jpg,320,240,signed,60,8,118,68
aug9_14.jpg,320,240,signed,23,6,56,43
aug9_15.jpg,320,240,signed,235,71,273,107
aug9_16.jpg,320,240,signed,59,19,98,53
aug9_17.jpg,320,240,signed,172,53,212,89
aug9_18.jpg,320,240,signed,24,85,61,120
aug9_19.jpg,320,240,signed,154,38,193,75
aug9_20.jpg,320,240,signed,212,41,248,77
aug9_21.jpg,320,240,signed,67,77,103,113
aug9_22.jpg,320,240,signed,3,122,44,160
aug9_23.jpg,320,240,signed,214,41,252,79
aug9_24.jpg,320,240,signed,223,129,261,167
aug9_25.jpg,320,240,signed,280,171,317,201
aug9_26.jpg,320,240,signed,140,147,175,182
aug9_27.jpg,320,240,signed,253,89,287,128
aug9_28.jpg,320,240,signed,181,177,221,215
aug9_29.jpg,320,240,signed,275,71,314,108
aug9_30.jpg,320,240,signed,266,115,304,154
aug9_31.jpg,320,240,signed,206,143,243,185
aug9_32.jpg,320,240,signed,107,172,151,213
aug9_33.jpg,320,240,signed,62,10,99,41
aug9_34.jpg,320,240,signed,257,183,302,225
aug9_35.jpg,320,240,signed,200,30,243,71
aug9_36.jpg,320,240,signed,214,3,270,62
aug9_37.jpg,320,240,signed,217,0,271,54
aug9_38.jpg,320,240,signed,66,131,119,187
aug9_39.jpg,320,240,signed,171,43,230,100
aug9_40.jpg,320,240,signed,35,66,71,98
aug9_41.jpg,320,240,signed,0,45,60,109
aug9_42.jpg,320,240,signed,81,62,142,126
aug9_43.jpg,320,240,signed,38,151,104,222
aug9_44.jpg,320,240,signed,159,43,218,121
aug9_45.jpg,320,240,signed,169,54,233,117
aug9_46.jpg,320,240,signed,47,146,82,179
aug9_47.jpg,320,240,signed,126,71,192,143
aug9_48.jpg,320,240,signed,156,64,190,94
aug9_49.jpg,320,240,signed,109,16,145,49
aug9_50.jpg,320,240,signed,9,132,47,167
aug9_51.jpg,320,240,signed,259,35,296,71
aug9_52.jpg,320,240,signed,4,26,40,62
aug9_53.jpg,320,240,signed,254,140,294,180
aug9_54.jpg,320,240,signed,16,117,55,149
aug9_55.jpg,320,240,signed,159,76,188,107
aug9_56.jpg,320,240,signed,11,166,50,203
aug9_57.jpg,320,240,signed,73,34,118,78
aug9_58.jpg,320,240,signed,85,21,124,64
aug9_59.jpg,320,240,signed,135,86,177,131
aug9_60.jpg,320,240,signed,156,0,198,47
aug9_61.jpg,320,240,signed,104,47,152,98
aug9_62.jpg,320,240,signed,3,110,57,163
aug9_63.jpg,320,240,signed,135,37,196,96
aug9_64.jpg,320,240,signed,15,98,56,136
aug9_65.jpg,320,240,signed,224,169,263,213
aug9_66.jpg,320,240,signed,224,162,274,212
aug9_67.jpg,320,240,signed,107,68,157,113
aug9_68.jpg,320,240,signed,80,64,136,120
aug9_69.jpg,320,240,signed,112,35,186,115
aug9_70.jpg,320,240,signed,158,64,226,146
aug9_71.jpg,320,240,signed,168,91,203,132
aug9_72.jpg,320,240,signed,210,33,254,78
aug9_73.jpg,320,240,signed,68,0,110,44
aug9_74.jpg,320,240,signed,220,175,260,218
aug9_75.jpg,320,240,signed,101,41,139,84
aug9_76.jpg,320,240,signed,166,145,199,178
aug9_77.jpg,320,240,signed,198,7,235,39
aug9_78.jpg,320,240,signed,214,101,252,139
aug9_79.jpg,320,240,signed,68,2,102,35
aug9_80.jpg,320,240,signed,120,147,154,184
aug9_81.jpg,320,240,signed,221,202,255,238
aug9_82.jpg,320,240,signed,223,108,259,148
aug9_83.jpg,320,240,signed,65,185,105,225
aug9_84.jpg,320,240,signed,213,2,247,38
aug9_85.jpg,320,240,signed,33,137,76,178
aug9_86.jpg,320,240,signed,236,114,280,155
aug9_87.jpg,320,240,signed,277,4,319,48
aug9_88.jpg,320,240,signed,126,4,164,33
aug9_89.jpg,320,240,signed,133,143,172,175
aug9_90.jpg,320,240,signed,171,202,207,235
aug9_91.jpg,320,240,signed,137,200,177,236
aug9_92.jpg,320,240,signed,16,127,55,165
aug9_93.jpg,320,240,signed,186,187,229,238
aug9_94.jpg,320,240,signed,129,82,170,116
aug9_95.jpg,320,240,signed,240,30,281,67
aug9_96.jpg,320,240,signed,192,183,234,222
aug9_97.jpg,320,240,signed,16,98,60,136
aug9_98.jpg,320,240,signed,12,166,54,207
aug9_99.jpg,320,240,signed,262,60,305,106
aug9_100.jpg,320,240,signed,163,13,209,60
aug9_101.jpg,320,240,signed,71,16,119,63
aug9_102.jpg,320,240,signed,151,37,200,85
